EXP,WKS,OCC,IND,SOUTH,SMSA,MS,FEM,UNION,ED,BLK,LWAGE,YEAR
3,32,0,0,1,0,1,0,0,9,0,556.068,1
4,43,0,0,1,0,1,0,0,9,0,572.031,2
5,40,0,0,1,0,1,0,0,9,0,599.645,3
6,39,0,0,1,0,1,0,0,9,0,599.645,4
7,42,0,1,1,0,1,0,0,9,0,606.146,5
8,35,0,1,1,0,,0,0,9,0,617.379,6
9,32,0,1,1,0,1,0,0,9,0,624.417,7
30,34,1,0,0,0,1,0,0,11,0,616.331,1
31,27,1,0,0,0,1,0,0,11,0,621.461,2
32,33,1,1,0,0,1,0,1,11,0,626.34,3
33,30,1,1,0,0,1,0,0,11,0,654.391,4
34,30,1,1,0,0,1,0,0,11,0,669.703,5
35,37,1,1,0,0,1,0,0,11,,679.122,6
36,30,1,1,0,0,1,0,0,11,0,681.564,7
6,50,1,1,0,0,1,0,1,12,0,565.249,1
,51,1,1,0,0,1,0,1,12,0,643.615,2
8,50,1,1,0,0,1,0,1,12,0,654.822,3
9,52,1,1,0,0,1,0,1,12,0,660.259,4
10,52,1,1,0,0,1,0,1,12,0,669.58,5
11,52,1,1,0,0,0,0,1,12,0,677.878,6
12,46,1,1,0,0,0,0,1,12,0,686.066,7
31,52,1,0,0,1,0,1,0,10,1,615.698,1
32,46,1,0,0,1,0,1,0,10,1,623.832,2
33,46,1,0,0,1,0,1,0,10,1,630.079,3
34,49,1,0,0,,0,1,0,10,1,635.957,4
35,44,1,0,0,1,0,1,0,10,1,646.925,5
36,52,1,0,0,1,0,1,0,10,1,656.244,6
37,46,1,0,0,1,0,1,0,10,1,662.141,7
10,50,1,0,0,0,1,0,1,16,0,643.775,1
11,,1,0,0,0,1,0,1,16,0,662.007,2
12,40,1,0,0,0,1,0,1,16,0,663.332,3
13,50,0,0,0,0,1,0,0,16,0,698.286,4
14,47,1,0,0,1,1,0,0,16,0,704.752,5
15,47,0,0,0,0,1,0,0,16,0,731.322,6
16,49,0,0,0,0,1,0,0,16,0,729.574,7
26,44,1,1,0,1,1,0,0,12,0,690.575,1
27,47,1,1,0,1,1,0,,12,0,690.575,2
28,47,1,1,0,1,1,0,0,12,0,690.776,3
29,47,1,1,0,1,1,0,0,12,0,700.307,4
30,44,1,1,0,1,1,0,0,12,0,706.902,5
31,45,1,1,0,1,1,0,0,12,0,752.023,6
32,47,1,1,0,1,1,0,0,12,0,733.889,7
15,46,1,0,0,0,1,0,1,12,0,613.34,1
16,48,1,0,0,0,1,0,1,12,0,617.379,2
17,49,1,0,0,0,1,0,1,12,0,621.261,3
18,46,1,0,0,0,1,0,1,12,0,631.355,4
19,47,1,0,0,0,1,0,1,12,0,637.502,5
20,47,1,0,0,0,1,0,1,12,,644.572,6
21,,1,0,0,0,1,0,1,12,0,652.209,7
23,51,1,1,1,0,1,0,1,10,0,633.15,1
24,50,1,1,1,0,1,0,1,10,0,640.357,2
25,50,1,1,1,0,1,0,1,10,0,654.391,3
26,50,1,1,1,0,1,0,1,10,0,656.244,4
27,44,1,1,0,1,1,0,1,10,0,659.167,5
28,51,1,1,0,1,1,0,1,10,0,681.783,6
29,51,1,1,,1,1,0,1,10,0,689.163,7
3,50,0,0,1,1,1,0,0,16,0,655.108,1
4,48,0,0,1,1,1,0,0,16,0,655.108,2
,50,0,0,1,1,1,0,0,16,0,680.239,3
6,48,0,0,1,1,1,0,0,16,0,690.776,4
7,48,0,0,1,1,1,0,0,16,0,709.008,5
8,44,0,0,1,1,1,0,0,16,0,0,6
9,48,0,0,1,1,1,0,0,16,0,720.786,7
3,49,0,0,1,1,1,0,0,16,0,639.693,1
4,47,0,0,1,1,,0,0,16,0,643.775,2
5,46,0,0,1,1,1,0,0,,0,643.775,3
6,44,0,0,1,1,1,0,0,16,0,643.775,4
7,,0,0,1,1,1,0,0,16,0,652.209,5
8,34,0,0,1,1,1,0,0,16,0,661.338,6
9,40,0,0,1,1,1,0,0,16,0,673.934,7
24,47,1,0,0,1,0,0,1,12,0,665.801,1
25,48,1,0,0,1,0,0,1,12,0,672.623,2
26,45,1,0,0,1,0,0,1,12,0,680.239,3
27,45,1,0,0,1,1,0,1,12,0,690.776,4
28,47,1,0,0,1,1,0,1,12,0,703.966,5
29,17,1,0,0,1,1,0,1,12,0,712.769,6
30,47,,0,0,1,1,0,1,12,0,724.423,7
21,47,1,0,1,1,1,0,1,12,0,655.108,1
22,46,1,0,1,1,1,0,1,12,0,0,2
23,47,1,0,1,1,1,0,1,12,0,672.263,3
24,47,1,0,1,1,1,0,1,12,0,673.34,4
25,47,1,0,1,1,1,0,1,12,0,672.263,5
26,47,1,0,1,1,1,0,1,12,0,695.177,6
27,46,1,0,1,1,1,0,1,12,0,705.272,7
26,48,1,0,1,1,1,0,0,12,0,690.575,1
27,48,1,0,1,1,1,0,0,12,0,690.073,2
28,50,1,0,1,1,1,,0,12,0,717.012,3
29,48,1,0,1,1,1,0,0,12,0,726.543,4
,48,1,0,1,1,1,0,0,12,0,725.912,5
31,46,0,0,1,1,1,0,0,12,0,725.488,6
32,46,1,0,1,1,1,0,0,12,0,740.001,7
15,45,0,0,1,1,1,0,0,17,0,680.239,1
16,45,0,0,1,1,1,0,0,17,0,680.239,2
17,45,0,0,1,1,1,0,0,17,0,692.56,3
18,44,0,0,1,1,,0,0,17,0,700.307,4
19,44,0,0,1,1,1,0,0,17,0,713.09,5
20,,0,0,1,1,1,0,0,17,,712.448,6
21,44,0,0,1,1,1,0,0,17,0,712.287,7
9,50,0,0,0,0,0,1,0,14,0,594.017,1
10,46,0,0,0,0,0,1,0,14,0,586.079,2
11,48,0,0,0,0,0,1,0,14,0,599.894,3
12,46,0,0,0,0,0,1,0,14,0,608.45,4
13,48,0,0,0,0,0,1,0,14,0,639.526,5
14,41,0,,0,0,0,1,0,14,0,647.697,6
15,48,0,0,0,0,0,1,0,14,0,647.697,7
16,50,1,0,1,1,0,1,0,12,1,597.889,1
17,50,1,0,1,1,0,1,0,12,1,578.383,2
18,48,1,0,1,1,0,1,0,12,1,585.793,3
19,48,1,0,1,1,0,1,0,12,1,595.324,4
20,50,1,0,1,1,0,,0,12,1,614.633,5
21,50,1,0,1,1,0,1,0,12,1,617.587,6
22,49,1,0,1,1,0,1,0,12,1,638.856,7
,49,0,1,0,0,1,0,0,14,0,662.007,1
17,48,0,1,0,0,1,0,0,14,0,649.224,2
18,49,0,1,0,0,1,0,0,14,0,677.992,3
19,50,0,1,0,0,1,0,0,14,0,674.524,4
20,51,0,1,0,0,1,0,0,14,0,709.008,5
21,46,0,1,0,0,1,0,0,14,0,713.09,6
22,47,0,1,0,0,1,0,0,14,0,713.09,7
25,47,0,1,1,1,1,0,0,16,0,690.575,1
26,46,0,1,1,1,1,0,0,16,0,690.575,2
27,47,0,1,1,1,1,0,0,16,0,760.09,3
28,47,0,1,1,1,1,0,0,16,0,764.969,4
29,47,0,1,1,1,1,0,0,16,0,771.869,5
30,48,0,1,1,1,1,0,0,16,0,778.322,6
31,47,0,1,1,1,1,0,0,16,0,780.384,7
40,37,1,1,0,1,1,0,1,12,0,638.688,1
41,49,1,1,0,1,1,0,1,12,0,647.389,2
42,50,1,1,0,1,1,0,1,12,0,654.247,3
43,47,1,1,0,1,1,0,1,12,0,667.582,4
44,47,1,1,0,1,1,0,1,12,0,674.17,5
45,25,1,1,0,1,1,0,1,12,0,683.195,6
46,40,1,1,0,1,1,0,1,12,0,693.634,7
25,50,0,0,0,0,1,0,0,16,0,678.333,1
26,49,0,1,0,0,1,0,0,16,0,685.751,2
27,49,0,1,0,0,1,0,0,16,0,698.472,3
28,48,0,1,0,0,1,0,0,16,0,705.79,4
29,48,0,1,0,0,1,0,0,16,0,720.564,5
30,49,0,1,0,0,1,0,0,16,0,710.988,6
31,48,0,1,0,0,1,0,0,16,0,726.683,7
28,42,1,,1,0,1,0,1,4,0,605.912,1
29,46,1,1,1,0,1,0,1,4,0,605.209,2
30,49,1,1,1,0,1,0,1,4,0,599.146,3
31,49,1,1,1,0,1,0,1,4,0,621.461,4
32,48,1,0,1,0,1,0,1,4,0,632.436,5
33,45,1,0,1,0,1,0,1,,0,644.254,6
,42,1,1,1,0,1,0,1,4,0,644.254,7
20,46,0,0,0,0,1,0,0,14,0,659.987,1
21,45,0,0,0,0,1,0,0,14,0,659.987,2
22,44,0,0,0,0,1,0,0,14,0,668.461,3
23,46,0,0,0,0,1,0,0,14,0,672.743,4
24,47,0,0,0,0,1,0,0,14,0,688.244,5
25,51,0,1,0,0,1,0,0,14,0,695.655,6
26,47,0,0,0,0,1,0,0,14,0,704.752,7
11,50,0,0,0,1,1,0,0,16,0,690.575,1
12,50,0,0,0,1,1,0,0,16,0,690.575,2
13,51,0,0,0,1,1,0,0,16,0,749.554,3
14,50,0,0,0,1,1,0,0,16,0,766.153,4
15,48,0,0,0,1,1,0,0,16,0,786.327,5
16,47,0,0,0,1,1,0,0,16,0,803.916,6
17,50,0,0,0,1,1,0,0,16,0,789.357,7
5,30,0,0,0,0,0,1,0,12,0,543.808,1
6,51,0,0,0,0,0,1,0,12,0,552.146,2
7,51,1,0,0,0,0,1,0,12,0,557.973,3
8,52,1,0,0,0,0,1,0,12,0,566.988,4
9,49,1,0,0,0,0,1,0,12,0,573.657,5
10,51,1,0,0,0,0,1,1,12,0,584.354,6
11,50,1,0,0,0,0,1,0,12,0,585.793,7
8,37,0,0,0,1,1,0,1,17,0,652.942,1
9,39,0,0,0,1,1,0,1,17,0,657.925,2
10,40,0,0,0,1,1,0,1,17,0,671.538,3
11,38,0,0,0,1,1,0,1,17,0,668.461,4
12,38,0,0,0,1,1,0,1,17,0,679.122,5
13,39,0,0,0,1,1,0,1,17,0,697.541,6
14,41,0,0,0,1,1,0,1,17,0,690.776,7
14,48,0,1,1,1,1,0,0,15,0,647.697,1
15,47,1,1,1,1,1,0,0,15,0,655.108,2
16,49,0,1,1,1,1,0,0,15,0,686.693,3
17,48,0,1,1,1,1,0,0,15,0,685.646,4
18,47,0,,1,1,1,0,,15,0,727.932,5
19,47,0,1,1,1,1,0,0,15,0,754.961,6
20,48,0,1,1,1,1,0,0,15,0,736.708,7
8,50,0,0,0,1,0,0,0,16,0,601.616,1
9,52,0,0,0,1,0,0,0,16,0,690.575,2
10,48,0,0,0,0,0,0,0,16,0,704.752,3
11,50,0,0,0,0,0,0,0,16,0,726.193,4
12,50,0,0,0,0,0,0,0,16,0,709.008,5
13,45,0,0,0,0,0,0,0,16,0,696.319,6
14,23,0,0,0,0,0,0,0,16,0,731.322,7
26,50,1,0,0,1,1,0,0,12,0,673.34,1
27,50,1,0,0,1,1,0,0,12,0,669.703,2
28,50,1,0,0,1,1,,0,12,0,668.461,3
29,50,1,0,0,1,1,0,0,12,0,674.524,4
30,50,1,0,0,1,1,0,0,12,0,673.102,5
31,,1,0,0,1,1,0,0,12,0,680.239,6
32,49,1,0,0,1,1,0,0,12,0,674.524,7
31,49,0,0,0,1,1,0,0,14,0,690.575,1
32,49,0,0,0,1,1,0,0,14,0,690.575,2
33,49,0,0,0,1,1,0,0,14,0,706.219,3
34,49,0,0,0,1,1,0,0,14,0,757.558,4
35,50,0,0,0,1,1,0,0,14,0,767.322,5
36,49,0,0,0,1,1,0,0,14,0,747.307,6
37,49,0,0,0,1,1,0,0,14,0,756.008,7
17,47,0,0,1,1,0,1,0,12,0,619.644,1
18,47,0,0,1,1,0,1,0,12,0,629.895,2
19,48,0,0,1,1,0,1,0,12,0,633.15,3
20,49,0,0,1,1,0,1,0,12,0,636.303,4
21,49,0,0,1,1,0,1,0,12,0,648.158,5
22,45,0,0,1,1,0,1,0,12,0,657.786,6
23,49,0,0,1,1,0,1,0,12,0,664.379,7
22,48,0,1,0,1,1,0,0,17,0,690.575,1
23,48,0,1,0,1,1,0,0,17,0,690.575,2
24,48,0,1,0,1,1,0,0,17,0,731.322,3
25,47,0,1,0,1,1,0,0,17,0,724.423,4
26,43,0,1,0,1,1,0,0,17,0,748.437,5
27,47,0,0,0,1,1,0,0,17,0,754.961,6
28,45,0,1,0,1,1,0,0,17,0,761.332,7
30,50,0,1,0,1,1,0,0,16,0,690.575,1
31,49,0,1,0,1,1,0,0,16,0,690.575,2
32,49,0,1,0,1,1,0,0,16,0,746.737,3
33,48,0,1,0,1,1,0,0,16,0,740.853,4
34,49,0,1,0,1,1,0,0,16,0,760.589,5
35,47,0,1,0,1,1,0,0,16,0,804.879,6
36,47,0,1,0,1,1,0,0,16,0,774.066,7
14,51,0,0,0,1,1,0,0,16,0,690.575,1
15,47,0,0,0,1,1,0,0,16,0,690.575,2
16,51,0,0,0,1,1,0,0,16,0,717.012,3
17,47,0,0,0,1,1,0,0,16,0,727.932,4
18,48,0,0,0,1,1,0,0,16,0,724.065,5
19,50,0,0,0,1,1,0,0,16,0,737.776,6
20,49,0,0,0,1,1,0,0,16,0,746.737,7
45,48,1,0,1,0,1,0,0,8,0,575.89,1
46,48,1,0,1,0,1,0,0,8,0,586.079,2
47,48,1,0,1,0,1,0,0,8,0,582.305,3
48,49,1,0,1,0,1,0,0,8,0,594.803,4
49,50,1,0,1,0,1,0,0,8,0,624.804,5
50,48,1,0,1,0,1,0,0,8,0,620.658,6
51,46,1,0,1,0,1,0,0,8,0,598.394,7
8,30,1,0,0,1,1,0,1,13,1,651.471,1
9,49,1,1,0,1,1,0,1,13,1,661.07,2
10,48,1,1,0,1,1,0,1,13,1,639.693,3
11,49,1,1,0,1,1,0,1,13,1,675.227,4
12,34,1,1,0,1,1,0,1,13,1,688.653,5
13,48,1,1,0,1,1,0,1,13,1,701.212,6
14,45,1,1,0,1,1,0,1,13,1,702.554,7
15,52,1,0,1,1,1,0,0,10,0,662.007,1
16,47,0,0,1,1,1,0,0,10,0,677.422,2
17,50,0,0,1,0,1,0,0,10,0,713.09,3
18,50,0,0,1,0,1,0,0,10,0,708.841,4
19,48,0,0,1,1,1,0,0,10,0,713.09,5
20,50,0,0,1,1,1,0,0,10,0,690.776,6
21,41,0,0,1,1,1,0,0,10,0,718.007,7
12,52,0,0,0,1,1,0,0,14,0,690.575,1
13,47,0,0,0,1,1,0,0,14,0,674.17,2
14,50,0,0,0,1,1,0,0,14,0,700.307,3
15,49,0,0,0,1,1,0,0,14,0,713.09,4
16,50,0,0,0,1,1,0,0,14,0,714.283,5
17,48,0,0,0,1,1,0,0,14,,728.276,6
18,49,,0,0,1,0,0,0,14,0,740.914,7
10,48,1,1,0,0,1,0,1,12,0,605.209,1
11,49,1,1,0,0,1,0,1,12,0,605.209,2
12,,1,1,0,0,1,0,1,12,0,605.209,3
13,48,1,1,0,0,1,0,1,12,0,636.819,4
14,49,1,1,0,0,1,0,1,12,0,643.615,5
15,48,0,1,0,0,1,,1,12,0,654.965,6
16,49,1,1,0,0,1,0,1,12,0,652.209,7
6,47,0,0,0,1,1,0,0,13,0,647.697,1
7,51,0,0,0,1,0,0,0,13,0,658.617,2
8,48,0,0,0,1,0,0,0,13,0,647.697,3
9,50,0,0,0,1,0,0,0,13,0,652.942,4
10,50,0,0,0,1,0,0,0,13,0,680.239,5
11,52,0,0,,1,0,0,0,13,0,677.992,6
12,51,0,0,0,1,1,0,0,,0,680.793,7
30,47,0,0,1,0,1,0,1,8,0,635.784,1
31,39,0,0,1,0,1,0,1,8,0,649.979,2
32,32,0,0,1,0,1,0,1,8,0,658.203,3
33,35,0,0,1,0,1,0,1,8,0,669.456,4
34,47,0,0,1,0,1,0,1,8,0,678.784,5
35,45,0,0,1,0,1,0,1,8,0,690.776,6
36,47,0,0,1,0,1,0,1,8,0,735.819,7
20,50,0,0,1,1,1,0,0,16,0,690.575,1
21,50,0,0,1,1,1,0,0,16,0,690.575,2
22,50,0,0,1,1,1,0,0,16,0,737.776,3
23,50,0,0,1,1,1,0,0,16,0,749.109,4
24,50,0,0,1,1,1,0,0,16,0,757.558,5
25,48,0,0,1,1,1,0,0,16,0,752.833,6
26,47,0,0,1,1,1,0,0,16,0,774.5,7
30,38,1,1,0,1,0,1,1,12,1,621.86,1
31,41,1,0,0,1,0,1,1,12,1,649.375,2
32,51,1,0,0,1,0,1,1,12,1,658.064,3
33,50,1,1,0,1,0,1,1,12,1,668.96,4
34,42,1,1,0,1,0,1,1,12,1,679.347,5
35,50,1,1,0,1,0,1,1,12,1,692.461,6
36,49,1,1,0,1,0,1,1,12,1,702.554,7
5,49,0,0,0,1,1,0,0,16,0,668.461,1
6,47,0,0,0,1,1,0,0,16,0,684.375,2
7,48,0,0,0,1,1,0,0,16,0,690.776,3
8,49,0,0,0,1,1,0,0,16,0,700.307,4
9,46,0,0,0,1,1,0,0,16,0,713.09,5
10,45,0,0,0,1,1,0,0,16,0,740.853,6
11,49,0,0,0,1,1,0,0,16,0,743.838,7
7,48,0,1,0,1,1,0,0,17,0,690.575,1
8,48,0,1,0,1,1,0,0,17,0,690.575,2
9,48,0,1,0,1,1,0,0,17,0,720.786,3
10,47,0,1,0,1,1,0,0,17,0,731.322,4
11,46,0,1,0,1,1,0,0,17,0,743.838,5
12,46,0,1,0,1,1,0,0,17,0,749.332,6
13,46,0,1,0,1,1,0,0,17,0,760.09,7
13,49,0,0,0,1,0,1,0,13,0,622.456,1
14,50,0,0,0,1,0,1,0,13,0,633.328,2
15,50,0,0,0,1,0,1,0,13,0,630.992,3
16,50,0,0,0,1,0,1,0,13,0,647.697,4
17,50,0,0,0,1,0,1,0,13,0,663.332,5
18,50,0,0,0,1,0,1,0,13,0,668.211,6
19,49,0,0,0,1,0,1,0,13,0,665.286,7
6,42,1,0,0,0,1,0,1,12,0,612.687,1
7,44,1,0,0,0,1,0,1,12,0,623.245,2
8,48,1,0,0,0,1,0,1,12,0,632.615,3
9,47,1,0,0,0,1,0,1,12,0,632.436,4
10,48,1,0,0,0,1,0,1,12,0,646.77,5
11,47,0,0,0,0,1,0,1,12,0,660.665,6
12,47,1,0,0,0,1,0,1,12,0,655.108,7
26,48,0,0,0,1,1,0,0,14,0,690.575,1
27,49,0,0,0,1,1,0,0,14,0,690.575,2
28,48,0,0,0,1,1,0,0,14,0,704.752,3
29,48,0,0,0,1,1,0,0,14,0,709.008,4
30,48,0,0,0,1,1,0,,14,0,720.786,5
31,47,0,0,0,1,1,0,0,14,0,711.802,6
32,48,0,0,0,1,1,0,0,14,0,709.008,7
26,50,0,1,0,1,0,0,0,16,0,690.575,1
27,50,0,1,0,1,0,0,0,16,0,690.575,2
28,,0,1,0,1,0,0,0,16,0,713.09,3
29,50,0,1,0,1,0,0,0,16,0,722.621,4
30,48,0,1,0,1,1,0,0,16,0,713.09,5
31,41,0,1,0,1,1,0,0,16,0,731.322,6
32,49,0,1,0,1,0,,0,16,0,743.838,7
31,47,0,1,0,0,1,0,0,16,0,690.575,1
32,46,0,1,0,0,1,0,0,16,0,690.575,2
33,47,0,1,0,0,1,0,0,16,0,760.09,3
34,48,0,1,0,0,1,0,0,16,0,767.601,4
35,47,0,1,0,0,1,0,0,16,0,770.21,5
36,49,,1,0,0,1,0,0,16,0,769.621,6
37,48,0,1,0,0,1,0,0,16,0,782.084,7
31,50,0,0,0,1,0,1,1,,0,627.099,1
32,45,0,0,0,1,0,1,1,,0,639.859,2
33,43,0,0,0,1,0,1,1,12,0,648.311,3
34,48,0,0,0,1,0,1,1,12,0,655.678,4
35,46,0,0,0,1,0,1,1,12,0,665.544,5
36,32,0,0,0,1,0,1,1,12,0,674.876,6
37,28,0,0,0,1,0,1,1,12,0,684.907,7
31,45,0,1,0,1,1,0,0,17,0,690.575,1
32,48,0,1,0,1,1,0,0,17,0,690.575,2
33,48,0,1,0,1,1,0,0,17,0,760.09,3
34,47,0,0,0,1,1,0,0,17,0,764.969,4
35,48,0,1,0,1,1,0,0,17,0,782.405,5
36,47,0,1,0,1,1,0,0,17,0,786.327,6
37,44,0,1,0,1,1,0,0,17,0,791.936,7
25,46,0,0,0,1,1,0,0,16,0,690.575,1
26,49,0,0,0,1,1,0,0,16,0,690.575,2
27,49,0,0,0,1,1,0,0,16,0,724.423,3
28,48,0,0,0,1,1,0,0,16,0,713.09,4
29,48,0,0,0,1,1,0,0,16,0,746.737,5
30,48,0,0,0,1,1,0,0,16,0,760.09,6
31,49,0,0,0,1,1,0,1,16,0,764.969,7
13,47,0,0,1,0,1,0,0,13,0,643.615,1
14,49,0,0,1,0,1,0,0,13,0,690.575,2
15,48,1,0,0,0,1,0,0,13,0,695.655,3
16,49,1,0,0,0,1,0,0,13,0,695.655,4
17,48,0,0,0,0,1,0,0,13,0,706.048,5
18,47,1,0,0,0,1,0,0,13,0,720.786,6
19,48,0,0,0,0,1,0,0,13,0,720.786,7
13,47,1,1,0,0,1,0,1,11,0,651.175,1
14,52,1,1,0,0,1,0,1,11,0,659.03,2
15,51,1,1,0,0,1,0,1,11,0,668.461,3
16,51,1,1,0,0,1,0,1,11,0,674.524,4
17,49,1,1,0,0,1,0,1,11,0,689.77,5
18,49,1,1,0,0,1,0,1,11,0,707.75,6
19,50,1,1,0,0,1,0,1,11,0,710.003,7
32,49,1,1,0,1,1,0,1,8,0,665.415,1
33,49,1,1,0,1,1,0,1,8,0,685.013,2
34,49,1,1,0,1,1,0,1,8,0,685.646,3
35,47,1,1,0,1,1,0,1,8,0,692.363,4
36,48,1,1,0,1,1,0,1,8,0,704.141,5
37,47,1,1,0,1,1,0,1,8,0,713.33,6
38,46,1,1,0,1,1,0,1,8,0,720.786,7
23,51,1,1,1,0,1,0,0,12,0,610.925,1
24,49,1,1,1,0,1,0,0,12,0,616.331,2
25,52,1,1,1,0,1,0,0,12,0,633.328,3
26,52,1,1,1,0,1,0,0,12,0,633.328,4
27,48,1,1,1,0,1,0,0,12,0,643.775,5
28,50,1,1,1,0,1,0,0,12,0,658.617,6
29,50,1,1,1,0,1,0,0,12,0,653.379,7
21,47,1,0,1,1,1,0,0,11,0,604.025,1
22,49,1,0,1,1,1,0,0,11,0,628.972,2
23,49,1,0,1,1,1,0,0,11,0,601.616,3
24,49,0,0,1,1,1,0,0,11,0,657.786,4
25,47,0,0,1,1,1,0,0,11,0,655.108,5
26,48,0,0,1,1,1,0,0,11,0,653.233,6
27,48,0,0,1,1,1,0,0,11,0,631.355,7
37,49,1,1,0,1,1,0,1,14,0,655.108,1
38,48,1,1,0,1,1,0,1,14,0,668.461,2
39,40,1,1,0,1,1,0,1,14,0,669.703,3
40,48,1,1,0,1,1,0,0,14,0,690.776,4
41,48,1,1,0,1,1,0,1,14,0,700.307,5
42,48,1,1,0,1,1,0,1,14,0,716.24,6
43,48,1,1,0,1,1,0,0,14,0,713.09,7
26,48,0,1,0,1,1,0,0,17,0,690.575,1
27,49,0,1,0,1,1,0,0,17,0,690.575,2
28,48,0,1,0,1,1,0,0,17,0,734.601,3
29,47,0,1,0,1,1,0,0,17,0,743.838,4
30,46,0,1,0,1,1,0,0,17,0,748.156,5
31,48,0,1,0,1,1,0,0,17,0,760.09,6
32,46,0,1,0,1,1,0,0,17,0,764.969,7
18,46,0,0,0,1,0,1,1,11,1,597.635,1
19,39,0,0,0,1,0,1,1,11,1,604.025,2
20,44,0,0,0,1,0,1,1,11,1,604.025,3
21,49,1,0,0,1,0,1,1,11,1,604.025,4
22,48,0,0,0,1,0,1,1,11,1,612.03,5
23,47,1,0,0,1,0,1,1,11,1,621.86,6
24,43,1,0,0,1,0,1,1,11,1,617.17,7
24,50,0,0,0,1,0,1,1,17,0,678.559,1
25,51,0,0,0,1,0,1,0,17,0,688.857,2
26,51,0,0,0,1,0,1,0,17,0,688.755,3
27,50,0,0,0,1,0,1,0,17,0,696.885,4
28,22,0,0,0,1,0,1,0,17,0,685.646,5
29,41,0,0,0,1,0,1,0,17,0,673.815,6
30,26,0,0,0,1,0,1,0,17,0,713.09,7
7,50,1,0,1,0,1,0,0,16,0,658.064,1
8,50,1,1,1,0,1,0,0,16,0,683.518,2
9,50,1,1,1,0,1,0,0,16,0,691.274,3
10,50,1,1,1,0,1,0,0,16,0,695.845,4
11,49,1,1,1,0,1,0,0,16,0,692.56,5
12,49,1,1,1,0,1,0,0,16,0,723.778,6
13,49,1,1,1,0,1,0,0,16,0,727.24,7
11,50,0,0,0,0,1,0,0,17,0,690.575,1
12,,0,0,0,0,1,0,0,17,0,690.575,2
13,50,0,0,0,0,1,0,0,17,0,749.554,3
14,49,0,0,0,0,1,0,0,,0,754.961,4
15,49,0,0,0,0,1,0,0,17,0,752.564,5
16,48,0,0,0,0,1,0,0,17,0,772.886,6
17,50,0,0,0,0,1,0,0,17,0,736.645,7
34,44,1,1,0,1,1,0,0,12,0,635.611,1
35,46,1,1,0,1,1,0,0,12,0,642.162,2
36,49,1,1,,1,1,0,0,12,0,647.697,3
37,48,1,1,0,1,1,0,0,12,0,653.669,4
38,45,1,1,0,1,1,0,0,12,0,655.108,5
39,47,1,1,0,1,1,0,0,12,0,668.461,6
40,50,,1,0,1,1,0,,12,0,680.239,7
30,46,1,1,0,1,1,0,1,8,0,655.536,1
31,44,1,1,0,1,1,0,1,8,0,662.274,2
32,45,1,1,0,1,1,0,1,8,0,672.263,3
33,46,1,1,0,1,1,0,1,8,0,677.992,4
34,36,1,1,0,1,1,0,1,8,0,693.828,5
35,45,1,1,0,1,1,0,1,8,0,703.439,6
36,45,1,1,0,1,1,0,1,8,0,704.578,7
20,49,1,1,1,0,1,0,0,8,0,630.81,1
21,49,1,1,1,0,1,0,0,8,0,639.693,2
22,47,1,1,1,0,1,0,0,8,0,651.767,3
23,49,1,1,1,0,1,0,0,8,0,661.07,4
24,47,1,1,1,0,1,0,0,8,0,668.711,5
25,44,1,1,1,0,1,0,0,8,0,677.079,6
26,48,1,1,1,0,1,0,0,8,0,685.646,7
28,50,1,0,1,0,1,0,0,12,0,596.615,1
29,50,1,0,1,0,1,0,0,12,0,602.828,2
30,49,1,0,1,0,1,0,0,12,0,615.273,3
31,50,1,0,1,0,1,0,0,12,0,621.461,4
32,50,1,0,1,0,1,0,0,12,0,630.992,5
33,50,1,0,1,0,1,0,0,12,0,644.572,6
34,49,1,0,1,0,1,0,0,12,0,647.697,7
34,40,1,1,0,1,1,0,1,12,0,645.834,1
35,47,1,1,0,1,1,0,1,12,0,650.728,2
36,42,1,1,0,1,1,0,1,12,0,656.808,3
37,45,1,1,0,1,1,0,1,12,0,666.823,4
38,47,1,1,0,1,1,0,1,12,0,675.577,5
39,47,1,1,0,1,1,0,1,12,0,680.239,6
40,46,1,1,0,1,1,0,1,12,0,695.655,7
27,49,1,1,0,1,1,0,0,13,0,640.523,1
28,46,1,1,0,1,1,0,0,13,0,655.678,2
29,47,1,1,0,1,1,0,0,13,0,662.007,3
30,47,1,0,0,1,1,0,0,13,0,662.007,4
31,47,1,0,0,1,1,0,0,13,0,670.319,5
32,48,1,0,0,1,1,0,0,13,0,683.518,6
33,48,1,1,0,1,1,0,0,13,0,693.049,7
8,49,0,0,0,1,1,0,0,16,0,647.697,1
9,48,0,0,0,1,1,0,0,16,0,647.697,2
10,49,0,0,0,1,1,0,0,16,0,662.007,3
11,49,0,0,0,0,1,0,0,16,0,680.239,4
12,48,0,0,0,0,1,0,0,16,0,690.776,5
13,48,0,0,0,0,1,0,0,16,0,690.776,6
14,48,0,0,0,0,1,0,0,16,0,717.012,7
7,48,0,0,1,1,0,0,0,16,0,669.703,1
8,49,0,0,1,1,0,0,0,16,0,680.239,2
9,49,0,0,1,1,0,0,0,16,0,689.77,3
10,48,0,0,1,1,0,0,0,16,0,695.655,4
11,46,0,0,1,1,0,0,0,16,0,713.09,5
12,48,0,0,1,1,0,0,0,16,0,724.423,6
13,48,0,0,1,1,0,0,0,16,0,740.184,7
11,40,0,0,0,0,1,0,1,17,0,647.697,1
12,40,0,0,0,0,1,0,1,17,0,662.007,2
13,42,0,0,0,0,1,0,1,17,0,662.007,3
14,40,0,0,0,0,1,0,1,17,0,668.461,4
15,40,0,0,0,0,1,0,1,17,0,685.646,5
16,40,0,0,0,0,1,0,1,17,0,690.776,6
17,42,0,0,0,0,1,0,1,17,0,700.307,7
13,49,1,0,0,1,1,0,1,16,0,646.147,1
14,49,1,0,0,1,1,0,1,16,0,665.544,2
15,49,1,0,0,1,1,0,1,16,0,673.459,3
16,48,0,0,0,1,1,0,1,16,0,681.344,4
17,47,0,0,0,1,1,0,1,16,0,691.473,5
18,47,0,0,0,1,1,0,1,16,0,685.33,6
19,47,0,0,0,1,1,0,1,16,0,711.314,7
3,51,1,1,1,0,0,0,0,13,0,541.61,1
4,51,1,1,1,0,0,0,0,13,0,552.146,2
5,51,1,1,1,0,0,0,0,13,0,559.842,3
6,45,0,0,1,0,0,0,0,13,0,570.378,4
7,50,0,0,1,0,0,0,0,13,0,576.832,5
8,50,1,0,1,0,0,0,0,13,0,588.61,6
9,52,1,0,1,0,0,0,0,13,0,585.793,7
23,36,1,1,1,0,1,0,0,8,1,566.988,1
24,51,1,1,1,0,1,0,0,8,1,599.146,2
25,51,1,1,1,0,1,0,0,8,1,608.677,3
26,24,1,1,1,0,1,0,0,8,1,617.379,4
27,50,1,1,1,0,1,0,0,8,1,625.575,5
28,51,1,1,1,0,1,0,0,8,1,643.775,6
29,47,1,1,1,0,1,0,0,8,1,644.572,7
9,51,1,0,0,1,1,0,0,13,0,516.479,1
10,47,0,0,0,1,1,0,0,13,0,562.762,2
11,50,1,0,0,0,1,0,0,13,0,584.354,3
12,48,1,0,0,0,1,0,0,13,0,596.101,4
13,47,1,0,0,0,1,0,1,13,0,602.828,5
14,47,1,0,0,0,1,0,1,13,0,615.273,6
15,49,1,0,0,0,1,0,0,13,0,624.611,7
10,48,0,0,1,0,1,0,0,10,0,552.146,1
11,52,1,0,1,0,1,0,0,10,0,570.378,2
12,51,1,1,1,0,1,0,0,10,0,620.456,3
13,50,1,0,1,0,1,0,0,10,0,605.912,4
14,39,1,0,1,0,1,0,0,10,0,619.848,5
15,29,1,1,1,0,1,0,0,10,0,616.121,6
16,39,1,0,1,0,1,0,0,10,0,628.04,7
37,44,1,0,0,0,1,0,0,12,0,570.378,1
38,52,1,0,1,1,0,0,0,12,0,578.383,2
39,46,1,0,1,1,0,0,0,12,0,578.383,3
40,48,1,0,1,1,0,0,0,12,0,616.331,4
41,49,1,0,1,1,0,0,0,12,0,621.461,5
42,50,1,0,1,1,0,0,0,12,0,621.461,6
43,50,1,0,1,1,0,0,0,12,0,630.992,7
10,50,1,0,0,0,0,1,0,8,0,542.935,1
11,50,1,0,0,0,0,1,0,8,0,547.227,2
12,50,1,0,0,0,0,1,0,8,0,564.545,3
13,50,1,0,0,0,0,1,0,8,0,568.698,4
14,37,1,0,0,0,0,1,0,8,0,585.793,5
15,50,1,0,0,0,0,1,0,8,0,595.324,6
16,50,1,0,0,0,0,1,0,8,0,605.209,7
5,48,0,1,0,0,1,0,0,17,0,674.524,1
6,50,0,1,0,0,1,0,0,17,0,681.674,2
7,50,0,1,0,0,1,0,0,17,0,665.929,3
8,50,0,1,0,0,1,0,0,17,0,709.008,4
9,50,0,1,0,0,1,0,0,17,0,707.918,5
10,50,0,1,0,0,1,0,0,17,0,698.472,6
11,50,0,1,0,0,1,0,0,17,0,726.193,7
6,46,1,0,0,1,1,0,1,16,0,635.437,1
7,48,1,0,0,1,1,0,1,16,0,633.683,2
8,47,1,0,0,1,1,0,1,16,0,643.775,3
9,49,1,0,0,1,1,0,1,16,0,639.693,4
10,49,0,0,0,1,1,0,0,16,0,723.346,5
11,49,0,0,0,1,1,0,0,16,0,735.883,6
12,50,1,0,0,1,1,0,0,16,0,717.319,7
22,50,1,0,1,0,1,0,1,12,0,662.007,1
23,49,1,0,1,0,1,0,1,12,0,666.568,2
24,44,1,0,1,0,1,0,1,12,0,681.454,3
25,38,1,0,1,0,1,0,1,12,0,688.857,4
26,49,1,0,1,0,1,0,1,12,0,695.75,5
27,50,1,0,1,0,1,0,1,12,0,693.342,6
28,36,1,0,1,0,1,0,1,12,0,706.561,7
12,47,1,0,0,1,0,0,1,12,0,612.249,1
13,46,1,0,0,1,0,0,1,12,0,608.904,2
14,47,1,0,0,1,0,0,1,12,0,629.157,3
15,42,1,0,0,1,0,0,1,12,0,639.693,4
16,48,1,0,0,1,0,0,1,12,0,649.072,5
17,47,1,0,0,1,0,0,1,12,0,659.715,6
18,46,1,0,0,1,0,0,1,12,0,656.386,7
38,42,0,0,1,1,1,0,0,17,1,658.617,1
39,34,0,0,1,1,1,0,0,17,1,662.007,2
40,48,0,0,1,1,1,0,0,17,1,662.007,3
41,46,0,0,1,1,1,0,0,17,1,640.192,4
42,49,0,0,1,1,1,0,0,17,1,677.422,5
43,34,0,0,1,1,1,0,0,17,1,692.56,6
44,47,0,0,1,1,1,0,0,17,1,670.073,7
15,51,1,1,0,0,1,0,1,7,0,616.331,1
16,49,1,1,0,0,1,0,1,7,0,622.654,2
17,50,1,1,0,0,1,0,1,7,0,632.077,3
18,50,1,1,0,0,0,0,1,7,0,645.52,4
19,48,1,1,0,0,0,0,1,7,0,651.471,5
20,50,1,1,0,0,0,0,1,7,0,662.007,6
21,49,1,1,0,0,0,0,1,7,0,666.823,7
3,37,0,0,1,1,0,1,0,12,0,621.461,1
4,49,0,0,1,1,0,1,0,12,0,671.538,2
5,38,0,0,1,1,0,1,0,12,0,643.775,3
6,49,0,0,1,1,0,1,0,12,0,665.673,4
7,39,0,1,1,1,0,1,0,12,0,665.929,5
8,51,0,1,1,1,0,1,0,12,0,686.485,6
9,48,0,0,1,1,0,1,0,12,0,665.286,7
12,41,1,0,0,1,1,0,1,14,0,654.247,1
13,49,1,0,0,1,1,0,1,14,0,660.259,2
14,32,1,0,0,1,1,0,1,14,0,674.641,3
15,50,1,0,0,1,1,0,1,14,0,686.485,4
16,46,1,0,0,1,1,0,1,14,0,695.845,5
17,49,1,0,0,1,1,0,1,14,0,701.392,6
18,49,1,0,0,1,1,0,1,14,0,711.558,7
5,49,0,1,0,1,1,0,0,15,0,636.99,1
6,48,0,1,0,1,1,0,0,15,0,639.693,2
7,48,0,1,0,1,1,0,0,15,0,655.962,3
8,48,0,0,0,1,1,0,0,15,0,673.102,4
9,48,0,0,0,1,1,0,0,15,0,686.485,5
10,47,0,1,0,1,1,0,0,15,0,715.462,6
11,49,0,1,0,1,1,0,0,15,0,727.24,7
11,48,0,0,0,0,1,0,0,12,1,605.209,1
12,47,0,0,0,0,1,0,0,12,1,602.345,2
13,50,0,0,0,0,1,0,0,12,1,630.992,3
14,50,0,0,0,1,1,0,0,12,1,638.012,4
15,49,0,0,0,1,1,0,0,12,1,665.929,5
16,49,0,0,0,1,1,0,0,12,1,668.461,6
17,49,0,0,0,1,1,0,0,12,1,673.934,7
1,48,0,0,0,1,0,1,0,12,0,621.461,1
2,48,0,0,0,1,0,1,0,12,0,621.461,2
3,48,0,0,0,1,0,1,0,12,0,630.992,3
4,48,0,0,0,1,0,1,0,12,0,639.693,4
5,47,0,0,0,1,0,1,0,12,0,621.461,5
6,47,0,0,0,1,0,1,0,12,0,639.693,6
7,49,0,0,0,1,0,1,0,12,0,665.286,7
10,39,1,0,0,1,1,0,1,7,0,634.388,1
11,21,1,1,0,1,1,0,1,7,0,641.346,2
12,40,1,1,0,1,1,0,1,7,0,672.743,3
13,50,1,1,0,1,1,0,1,7,0,676.504,4
14,50,1,1,0,1,1,0,1,7,0,685.646,5
15,43,1,1,0,1,1,0,1,7,0,700.307,6
16,42,1,1,0,1,1,0,1,7,0,717.012,7
5,50,1,0,1,0,1,0,1,14,0,647.697,1
6,49,1,0,1,0,1,0,1,14,0,658.617,2
7,45,1,0,1,0,1,0,1,14,0,673.34,3
8,38,1,0,1,0,1,0,1,14,0,681.344,4
9,48,1,0,1,0,1,0,1,14,0,696.13,5
10,17,0,0,1,0,1,0,0,14,0,650.279,6
11,47,0,0,1,0,1,0,1,14,0,670.196,7
33,49,1,1,1,0,1,0,1,7,0,599.146,1
34,34,1,1,1,0,1,0,0,7,0,617.794,2
35,51,1,1,1,0,1,0,0,7,0,617.794,3
36,50,1,1,1,0,1,0,1,7,0,639.693,4
37,50,1,1,1,0,1,0,1,7,0,650.129,5
38,46,1,1,1,0,1,0,1,7,0,660.665,6
39,31,1,1,1,0,1,0,1,7,0,690.776,7
11,36,0,0,0,1,1,0,1,17,0,679.122,1
12,36,0,0,0,1,1,0,1,17,0,684.588,2
13,38,0,0,0,1,1,0,1,17,0,687.213,3
14,36,0,0,0,1,1,0,1,17,0,695.655,4
15,38,0,0,0,1,1,0,1,17,0,709.672,5
16,41,0,0,0,1,1,0,1,17,0,716.085,6
17,34,0,0,0,1,1,0,1,17,0,716.085,7
37,48,1,1,0,1,1,0,1,8,0,628.413,1
38,48,1,1,0,1,1,0,1,8,0,632.794,2
39,35,1,1,0,1,1,0,1,8,0,647.697,3
40,47,1,1,0,1,1,0,1,8,0,650.429,4
41,46,1,1,0,1,1,0,1,8,0,658.755,5
42,47,1,1,0,1,1,0,1,8,0,676.504,6
43,47,1,1,0,1,1,0,1,8,0,681.014,7
29,50,0,1,0,1,1,0,0,16,0,690.575,1
30,50,0,1,0,1,1,0,0,16,0,690.575,2
31,50,0,1,0,1,1,0,0,16,0,734.601,3
32,49,0,1,0,1,1,0,0,16,0,720.786,4
33,49,0,1,0,1,1,0,0,16,0,752.294,5
34,48,0,1,0,1,1,0,0,16,0,767.601,6
35,49,0,1,0,1,1,0,0,16,0,778.322,7
30,39,1,0,1,0,1,0,0,11,0,610.925,1
31,50,1,0,1,0,1,0,0,11,0,622.654,2
32,50,1,0,1,0,1,0,0,11,0,631.355,3
33,49,1,0,1,0,1,0,0,11,0,641.999,4
34,49,1,0,1,0,0,0,0,11,0,651.471,5
35,49,1,0,1,0,0,0,0,11,0,662.804,6
36,48,1,0,1,0,0,0,0,11,0,683.195,7
16,50,0,1,1,1,1,0,0,17,0,672.743,1
17,52,0,1,1,1,1,0,0,17,0,689.77,2
18,52,0,0,1,1,1,0,0,17,0,698.379,3
19,52,0,1,1,1,1,0,0,17,0,707.918,4
20,50,0,1,1,1,1,0,0,17,0,717.012,5
21,50,0,1,1,1,1,0,0,17,0,714.756,6
22,50,0,1,1,1,1,0,0,17,0,736.518,7
12,49,1,1,0,1,0,0,0,12,0,578.074,1
13,49,1,1,0,1,0,0,0,12,0,582.6,2
14,50,1,1,0,1,0,0,0,12,0,584.644,3
15,45,1,1,0,1,0,0,0,12,0,595.584,4
16,47,1,1,0,1,0,0,0,12,0,606.611,5
17,45,0,1,0,1,0,0,0,12,0,619.032,6
18,49,1,1,0,1,0,0,0,12,0,623.637,7
8,44,1,0,0,1,1,0,0,11,0,599.146,1
9,51,1,0,0,1,1,0,0,11,0,610.925,2
10,51,1,0,0,1,1,0,0,11,0,639.693,3
11,51,1,0,0,1,1,0,0,11,0,639.693,4
12,50,1,0,0,1,1,0,0,11,0,647.697,5
13,51,1,0,0,1,1,0,0,11,0,647.697,6
14,51,1,0,0,1,1,0,0,11,0,655.108,7
29,47,1,1,0,1,1,0,0,14,0,669.703,1
30,47,1,1,0,1,1,0,0,14,0,679.682,2
31,36,1,1,0,1,1,0,0,14,0,689.467,3
32,46,1,1,0,1,1,0,0,14,0,696.885,4
33,43,0,1,0,1,0,0,0,14,0,692.56,5
34,44,1,1,0,1,1,0,0,14,0,718.007,6
35,45,0,1,0,1,1,0,0,14,0,717.242,7
3,50,0,1,0,1,0,0,0,17,0,668.461,1
4,50,0,1,0,1,0,0,0,17,0,680.239,2
5,49,0,1,0,1,0,0,0,17,0,690.776,3
6,48,0,1,0,1,0,0,0,17,0,704.752,4
7,49,0,1,0,1,0,0,0,17,0,704.752,5
8,49,0,1,0,1,0,0,0,17,0,731.322,6
9,49,0,1,0,1,0,0,0,17,0,743.838,7
14,35,0,0,0,1,1,0,0,16,0,630.992,1
15,35,0,0,0,1,1,0,0,16,0,658.617,2
16,44,0,0,0,1,1,0,0,16,0,662.007,3
17,43,0,0,0,1,1,0,0,16,0,690.776,4
18,42,0,0,0,1,1,0,0,16,0,696.602,5
19,42,0,0,0,1,1,0,0,16,0,706.902,6
20,43,0,0,0,1,1,0,0,16,0,695.655,7
17,52,1,1,1,1,0,0,0,7,0,573.657,1
18,51,1,1,1,1,0,0,0,7,0,581.413,2
19,50,1,1,1,1,0,0,0,7,0,589.99,3
20,50,1,1,1,1,0,0,0,7,0,594.017,4
21,50,1,1,1,1,0,0,0,7,0,613.123,5
22,49,1,1,1,1,0,0,0,7,0,613.123,6
23,48,1,1,1,1,0,0,0,7,0,610.925,7
11,49,0,0,1,1,0,0,0,14,0,667.203,1
12,48,0,0,1,1,0,0,0,14,0,684.268,2
13,47,0,0,1,1,0,0,0,14,0,684.055,3
14,48,0,0,1,1,0,0,0,14,0,685.646,4
15,49,0,0,1,1,0,0,0,14,0,699.485,5
16,46,0,0,1,1,1,0,0,14,0,705.618,6
17,47,0,0,1,1,1,0,0,14,0,729.709,7
6,49,0,0,1,1,1,0,0,12,0,636.303,1
7,51,0,0,1,1,1,0,0,12,0,647.697,2
8,50,0,0,1,1,1,0,0,12,0,657.228,3
9,49,0,0,1,1,1,0,0,12,0,665.929,4
10,49,0,0,1,1,1,0,0,12,0,680.239,5
11,48,0,0,1,1,1,0,0,12,0,658.893,6
12,49,0,1,1,1,1,0,0,12,0,676.849,7
31,47,0,1,0,1,1,0,0,12,0,690.575,1
32,48,0,1,0,1,1,0,0,12,0,690.575,2
33,48,0,1,0,1,1,0,0,12,0,713.09,3
34,45,0,1,0,1,1,0,0,12,0,713.09,4
35,41,0,1,0,1,1,0,0,12,0,731.322,5
36,42,0,1,0,1,1,0,0,12,0,732.975,6
37,47,0,1,0,1,1,0,0,12,0,749.554,7
15,31,1,1,0,0,1,0,1,12,0,624.611,1
16,51,1,1,0,0,1,0,0,12,0,621.461,2
17,45,1,1,0,0,1,0,1,12,0,647.697,3
18,49,1,1,0,0,1,0,1,12,0,649.677,4
19,48,1,1,0,0,1,0,1,12,0,661.473,5
20,47,1,1,0,0,1,0,1,12,0,674.524,6
21,45,1,1,0,0,1,0,1,12,0,713.09,7
25,48,0,1,0,1,1,0,1,12,0,674.524,1
26,48,0,1,0,1,1,0,0,12,0,681.344,2
27,48,0,1,0,1,1,0,0,12,0,687.213,3
28,47,0,1,0,1,1,0,0,12,0,710.661,4
29,47,0,1,0,1,1,0,0,12,0,724.423,5
30,47,1,1,0,1,1,0,0,12,0,729.98,6
31,49,0,1,0,1,1,0,0,12,0,737.776,7
37,47,0,1,0,1,1,0,1,12,0,650.728,1
38,46,0,1,0,1,1,0,1,12,0,655.108,2
39,46,0,1,0,1,1,0,1,12,0,687.73,3
40,46,0,1,0,1,1,0,1,12,0,655.108,4
41,47,0,1,0,1,1,0,1,12,0,704.752,5
42,47,0,1,0,1,1,0,1,12,0,683.411,6
43,40,0,1,0,1,1,0,1,12,0,674.524,7
6,50,1,0,0,0,0,0,0,13,0,610.925,1
7,49,1,0,0,0,0,0,0,13,0,631.355,2
8,49,1,0,0,0,0,0,0,13,0,645.362,3
9,49,0,0,0,1,0,0,0,13,0,668.461,4
10,51,0,0,0,1,0,0,0,13,0,679.122,5
11,52,0,0,0,1,0,0,0,13,0,683.518,6
12,49,0,0,0,1,0,0,0,13,0,696.791,7
19,49,0,0,0,1,0,0,0,13,0,690.575,1
20,49,0,0,0,1,0,0,0,13,0,690.575,2
21,49,0,0,0,1,0,0,0,13,0,711.07,3
22,48,0,0,0,1,0,0,0,13,0,725.134,4
23,46,0,0,0,1,0,0,0,13,0,734.601,5
24,46,0,0,0,1,0,0,0,13,0,734.601,6
25,48,0,0,0,1,0,0,0,13,0,729.98,7
27,39,0,0,0,1,1,0,0,17,0,690.575,1
28,36,0,0,0,1,1,0,0,17,0,690.575,2
29,50,0,0,0,1,1,0,0,17,0,717.012,3
30,48,0,0,0,1,1,0,0,17,0,745.53,4
31,48,0,0,0,1,1,0,0,17,0,756.008,5
32,39,0,0,0,1,1,0,0,17,0,737.212,6
33,39,0,0,0,1,1,0,0,17,0,775.577,7
29,50,0,0,0,1,1,0,0,17,0,628.972,1
30,50,0,0,0,1,1,0,0,17,0,636.13,2
31,50,0,0,0,0,1,0,0,17,0,643.615,3
32,50,0,0,0,0,1,0,0,17,0,643.455,4
33,49,0,0,0,0,1,0,0,17,0,641.182,5
34,49,0,0,0,0,1,0,0,17,0,636.99,6
35,49,0,0,0,0,1,0,0,17,0,646.77,7
14,49,0,1,0,0,1,0,0,12,0,669.456,1
15,49,0,1,0,0,1,0,0,12,0,676.849,2
16,49,0,1,0,0,1,0,0,12,0,690.776,3
17,49,0,1,0,0,1,0,0,12,0,703.966,4
18,49,0,1,0,0,1,0,0,12,0,702.554,5
19,49,0,1,0,0,1,0,0,12,0,722.766,6
20,48,1,1,0,0,1,0,0,12,0,721.229,7
14,50,1,1,0,0,1,0,1,14,0,674.052,1
15,50,1,1,0,0,1,0,1,14,0,682.979,2
16,49,1,1,0,0,1,0,1,14,0,680.239,3
17,48,1,1,0,0,1,0,1,14,0,694.698,4
18,50,1,1,0,0,1,0,1,14,0,701.031,5
19,49,1,1,0,0,1,0,1,14,0,713.569,6
20,48,1,1,0,0,1,0,1,14,0,706.817,7
14,38,0,0,0,1,0,1,0,17,0,657.925,1
15,36,0,0,0,1,0,1,1,17,0,639.693,2
16,39,0,0,0,1,0,1,1,17,0,662.007,3
17,42,0,0,0,1,0,1,1,17,0,670.93,4
18,39,0,0,0,1,0,1,1,17,0,676.849,5
19,27,0,0,0,1,0,1,1,17,0,693.537,6
20,43,0,0,0,1,0,1,1,17,0,704.752,7
25,41,1,1,0,0,1,0,1,9,0,658.617,1
26,48,1,1,0,0,1,0,1,9,0,668.461,2
27,48,1,1,0,0,1,0,1,9,0,671.538,3
28,47,1,1,0,0,1,0,1,9,0,677.422,4
29,41,1,1,0,0,1,0,1,9,0,685.646,5
30,43,1,1,0,0,1,0,1,9,0,691.672,6
31,47,1,1,0,0,1,0,1,9,0,699.942,7
16,50,0,0,0,1,1,0,0,17,0,690.575,1
17,50,0,0,0,1,1,0,0,17,0,690.575,2
18,51,0,0,0,1,1,0,0,17,0,808.641,3
19,49,0,0,0,1,1,0,0,17,0,822.951,4
20,52,0,0,0,1,1,0,0,17,0,790.986,5
21,50,0,1,0,1,1,0,0,17,0,812.089,6
22,50,0,0,0,1,1,0,0,17,0,853.7,7
14,51,1,1,0,1,1,0,0,12,0,624.417,1
15,50,1,1,0,1,1,0,0,12,0,639.693,2
16,50,1,1,0,1,1,0,0,12,0,690.776,3
17,49,1,1,0,1,1,0,0,12,0,690.776,4
18,50,1,1,0,1,1,0,0,12,0,677.194,5
19,50,1,1,0,1,1,0,0,12,0,686.693,6
20,49,1,1,0,1,1,0,0,12,0,690.776,7
13,51,0,1,0,1,1,0,0,16,0,690.575,1
14,49,0,1,0,1,1,0,0,16,0,690.575,2
15,49,0,1,0,0,0,0,0,16,0,746.737,3
16,48,0,1,0,0,0,0,0,16,0,752.294,4
17,49,0,1,0,0,0,0,0,16,0,760.09,5
18,50,0,1,0,0,0,0,0,16,0,750.769,6
19,49,0,1,0,0,0,0,0,16,0,764.969,7
15,49,1,0,0,0,1,0,1,12,0,662.007,1
16,48,1,0,0,0,1,0,1,12,0,671.417,2
17,48,1,0,0,0,1,0,1,12,0,681.892,3
18,49,1,0,0,0,1,0,1,12,0,697.635,4
19,48,1,0,0,0,1,0,1,12,0,692.658,5
20,49,1,0,0,0,1,0,1,12,0,700.307,6
21,50,1,0,0,0,1,0,1,12,0,700.307,7
27,47,1,1,1,0,1,0,1,8,0,630.992,1
28,43,1,1,1,0,1,0,1,8,0,655.108,2
29,50,1,1,1,0,1,0,1,8,0,656.526,3
30,47,1,1,1,0,1,0,1,8,0,674.524,4
31,47,1,1,1,0,1,0,1,8,0,693.925,5
32,39,1,1,1,0,1,0,1,8,0,695.655,6
33,29,1,1,1,0,1,0,1,8,0,700.307,7
28,49,0,0,1,0,1,0,0,16,0,689.77,1
29,50,0,0,1,0,1,0,0,16,0,690.575,2
30,49,0,0,1,0,1,0,0,16,0,717.012,3
31,49,0,0,1,0,1,0,0,16,0,731.322,4
32,49,0,0,1,0,1,0,0,16,0,737.776,5
33,49,0,0,1,0,1,0,0,16,0,749.554,6
34,47,0,0,1,0,1,0,0,16,0,749.554,7
14,38,1,1,1,1,1,0,1,12,0,622.059,1
15,49,1,1,1,1,1,0,1,12,0,630.079,2
16,49,1,1,1,1,1,0,1,12,0,637.673,3
17,49,1,1,1,1,1,0,1,12,0,650.129,4
18,49,1,1,1,1,1,0,1,12,0,662.007,5
19,49,1,1,1,1,1,0,1,12,0,678.672,6
20,49,1,1,1,1,1,0,1,12,0,691.672,7
3,38,1,1,0,0,1,0,0,12,0,641.673,1
4,51,1,1,0,0,1,0,0,12,0,648.92,2
5,49,1,1,0,0,1,0,0,12,0,661.74,3
6,51,1,1,0,0,1,0,0,12,0,670.564,4
7,51,1,1,0,0,1,0,0,12,0,685.646,5
8,50,1,0,0,0,1,0,0,12,0,643.775,6
9,52,1,0,0,0,1,0,0,12,0,574.62,7
28,51,1,0,0,1,1,0,1,14,0,683.518,1
29,48,1,0,0,1,1,0,1,14,0,690.575,2
30,48,1,0,0,1,1,0,1,14,0,708.171,3
31,45,1,0,0,1,1,0,1,14,0,709.838,4
32,48,1,0,0,1,1,0,1,14,0,737.776,5
33,49,1,0,0,1,1,0,1,14,0,743.838,6
34,37,1,0,0,1,1,0,1,14,0,735.244,7
27,48,1,0,0,0,1,0,0,12,0,552.146,1
28,30,1,0,0,0,1,0,0,12,0,589.715,2
29,50,1,1,0,0,1,0,1,12,0,635.611,3
30,50,1,1,0,0,1,0,1,12,0,647.697,4
31,49,1,1,0,0,1,0,1,12,0,654.679,5
32,42,1,1,0,0,1,0,1,12,0,665.673,6
33,41,1,1,0,1,1,0,0,12,0,676.273,7
31,49,0,1,0,1,1,0,1,8,0,607.074,1
32,48,0,1,0,1,1,0,1,8,0,612.687,2
33,49,0,1,0,1,1,0,1,8,0,621.461,3
34,49,0,0,0,1,1,0,1,8,0,627.288,4
35,49,0,0,0,1,1,0,1,8,0,632.794,5
36,49,1,0,0,1,1,0,1,8,0,644.413,6
37,49,1,1,0,1,1,0,1,8,0,649.072,7
31,46,0,1,0,1,1,0,1,8,0,648.311,1
32,45,0,1,0,1,1,0,1,8,0,652.503,2
33,46,0,1,0,1,1,0,1,8,0,660.8,3
34,46,0,0,0,1,1,0,1,8,0,671.538,4
35,46,0,0,0,1,1,0,1,8,0,684.055,5
36,46,0,1,0,1,1,0,1,8,0,696.979,6
37,46,1,1,0,1,1,0,1,8,0,704.752,7
30,45,1,1,0,1,1,0,1,8,0,648.311,1
31,43,1,1,0,1,1,0,1,8,0,655.393,2
32,45,1,1,0,1,1,0,1,8,0,659.987,3
33,45,1,1,0,1,1,0,1,8,0,670.93,4
34,43,1,1,0,1,1,0,1,8,0,685.646,5
35,38,1,1,0,1,1,0,1,8,0,696.791,6
36,41,1,1,0,1,1,0,1,8,0,706.219,7
21,51,0,0,1,0,1,0,0,17,0,690.575,1
22,51,0,0,1,0,1,0,0,17,0,690.575,2
23,50,0,0,1,0,1,0,0,17,0,743.838,3
24,50,0,0,1,0,1,0,0,17,0,749.554,4
25,51,0,0,1,0,1,0,0,17,0,757.558,5
26,46,0,0,1,0,1,0,0,17,0,764.969,6
27,50,0,0,1,0,1,0,0,17,0,754.697,7
19,51,1,1,1,1,1,0,1,12,1,632.794,1
20,50,1,1,1,1,1,0,1,12,1,647.697,2
21,50,1,1,1,1,1,0,1,12,1,658.617,3
22,50,1,1,1,1,1,0,1,12,1,668.461,4
23,50,1,1,1,1,1,0,1,12,1,668.461,5
24,50,1,1,1,1,1,0,1,12,1,694.119,6
25,40,1,1,1,1,1,0,1,12,1,704.752,7
4,47,1,1,0,0,0,0,1,12,0,572.031,1
5,48,1,1,0,0,0,0,1,12,0,595.842,2
6,51,1,1,0,0,0,0,1,12,0,602.102,3
7,49,1,1,0,0,0,0,1,12,0,621.461,4
8,49,1,1,0,0,0,0,1,12,0,629.157,5
9,48,1,1,0,0,0,0,1,12,0,637.161,6
10,49,1,1,0,0,0,0,1,12,0,645.362,7
15,49,0,0,0,0,1,0,0,12,0,665.286,1
16,49,0,0,0,0,1,0,0,12,0,677.422,2
17,47,0,0,0,0,1,0,0,12,0,709.008,3
18,48,0,1,0,0,1,0,0,12,0,690.776,4
19,48,0,1,0,0,1,0,0,12,0,710.824,5
20,48,0,1,0,0,1,0,0,12,0,702.82,6
21,48,0,1,0,0,1,0,0,12,0,731.322,7
20,48,0,1,0,1,1,0,0,13,0,690.575,1
21,51,0,1,0,1,1,0,0,13,0,657.925,2
22,50,0,1,0,1,1,0,0,13,0,718.311,3
23,51,0,1,0,1,1,0,0,13,0,731.322,4
24,49,0,1,0,1,1,0,0,13,0,740.853,5
25,47,0,0,0,1,1,0,0,13,0,738.647,6
26,48,0,1,0,1,1,0,0,13,0,764.779,7
23,49,1,1,0,1,1,0,0,11,0,663.726,1
24,49,1,1,0,1,1,0,0,11,0,678.559,2
25,49,1,1,0,1,1,0,0,11,0,691.274,3
26,49,1,1,0,1,1,0,0,11,0,698.286,4
27,50,1,1,0,1,1,0,0,11,0,695.655,5
28,49,1,1,0,1,1,0,0,11,0,701.93,6
29,50,1,1,0,1,1,0,0,11,0,725.347,7
23,47,0,0,0,1,1,0,0,16,0,690.575,1
24,48,0,0,0,1,1,0,0,16,0,690.575,2
25,48,0,0,0,1,1,0,0,16,0,746.737,3
26,49,0,0,0,1,1,0,0,16,0,750.384,4
27,45,0,0,0,1,1,0,0,16,0,758.579,5
28,48,0,0,0,1,1,0,0,16,0,766.388,6
29,47,0,1,0,1,1,0,0,16,0,746.737,7
4,51,0,0,0,0,0,0,0,16,0,643.775,1
5,51,0,0,0,0,0,0,0,16,0,662.007,2
6,51,0,0,0,0,0,0,0,16,0,662.007,3
7,50,0,0,0,0,0,0,0,16,0,677.422,4
8,51,0,0,0,0,0,0,0,16,0,713.09,5
9,49,0,0,0,1,0,0,0,16,0,715.07,6
10,49,0,0,0,1,1,0,0,16,0,724.423,7
10,44,1,1,1,0,1,0,1,9,0,623.048,1
11,48,1,1,1,0,1,0,1,9,0,633.328,2
12,48,1,1,1,0,1,0,1,9,0,636.475,3
13,49,1,1,1,0,1,0,1,9,0,645.047,4
14,48,1,1,1,0,1,0,1,9,0,657.228,5
15,38,1,1,1,0,1,0,1,9,0,699.393,6
16,52,1,1,1,0,1,0,1,9,0,721.891,7
15,46,1,1,0,0,1,0,0,8,0,588.61,1
16,44,1,0,0,0,1,0,0,8,0,578.383,2
17,45,1,0,0,0,1,0,0,8,0,599.146,3
18,51,1,0,0,0,1,0,0,8,0,610.925,4
19,50,1,0,0,0,1,0,0,8,0,632.077,5
20,50,1,0,0,0,1,0,0,8,0,643.775,6
21,49,1,0,0,0,1,0,0,8,0,650.578,7
35,47,0,1,0,1,1,0,0,16,0,672.143,1
36,45,0,1,0,1,1,0,0,16,0,668.085,2
37,48,0,1,0,1,1,0,0,16,0,672.623,3
38,47,0,1,0,1,1,0,0,16,0,687.73,4
39,47,0,1,0,1,1,0,0,16,0,687.73,5
40,47,0,1,0,1,1,0,0,16,0,696.13,6
41,47,0,1,0,1,1,0,0,16,0,710.906,7
34,50,1,1,0,1,1,0,0,12,0,637.161,1
35,49,1,1,0,1,1,0,0,12,0,647.697,2
36,49,1,1,0,1,1,0,0,12,0,658.617,3
37,49,1,1,0,1,1,0,0,12,0,668.461,4
38,48,1,1,0,1,1,0,0,12,0,681.344,5
39,48,1,1,0,1,1,0,0,12,0,687.73,6
40,48,1,1,0,1,1,0,0,12,0,696.602,7
7,49,0,1,0,1,1,0,0,14,0,623.048,1
8,50,0,1,0,1,1,0,0,14,0,630.992,2
9,49,0,1,0,1,1,0,0,14,0,639.693,3
10,49,0,1,0,0,1,0,0,14,0,662.007,4
11,49,0,1,0,0,1,0,0,14,0,677.422,5
12,48,0,1,0,0,1,0,0,14,0,674.993,6
13,48,0,1,0,0,1,0,0,14,0,717.012,7
19,48,0,0,0,1,1,0,0,16,0,677.422,1
20,49,0,1,0,1,1,0,0,16,0,690.575,2
21,49,0,1,0,1,1,0,0,16,0,731.322,3
22,49,0,0,0,1,1,0,0,16,0,749.554,4
23,49,0,0,0,1,1,0,0,16,0,691.374,5
24,49,0,1,0,1,1,0,0,16,0,710.988,6
25,49,0,0,0,1,1,0,0,16,0,739.817,7
36,48,0,1,0,0,1,0,0,15,0,690.575,1
37,48,0,1,0,0,1,0,0,15,0,690.575,2
38,48,0,1,0,0,1,0,0,15,0,713.09,3
39,48,0,1,0,0,1,0,0,15,0,717.012,4
40,48,0,1,0,0,1,0,0,15,0,724.423,5
41,48,0,1,0,0,1,0,0,15,0,731.322,6
42,48,0,1,0,0,1,0,0,15,0,740.853,7
12,47,0,1,0,0,1,0,0,12,0,647.697,1
13,48,0,1,0,0,1,0,0,12,0,661.338,2
14,48,0,1,0,0,1,0,0,12,0,672.143,3
15,48,0,0,0,0,1,0,0,12,0,700.307,4
16,47,0,1,0,0,1,0,0,12,0,700.307,5
17,49,0,1,0,0,1,0,0,12,0,719.818,6
18,47,0,1,0,0,1,0,0,12,0,721.008,7
4,45,1,0,0,1,1,0,0,14,0,575.257,1
5,50,0,0,0,1,1,0,0,14,0,575.257,2
6,50,0,0,0,1,1,0,0,14,0,623.441,3
7,47,0,0,0,1,1,0,0,14,0,647.697,4
8,51,0,0,0,1,1,0,0,14,0,662.007,5
9,50,0,0,0,1,1,0,0,14,0,695.655,6
10,49,0,0,0,1,1,0,0,14,0,686.693,7
6,36,0,0,0,1,1,0,1,16,0,653.669,1
7,36,0,0,0,1,1,0,1,16,0,684.162,2
8,36,0,0,0,1,1,0,1,16,0,668.461,3
9,36,0,0,0,1,0,0,1,16,0,684.055,4
10,39,0,0,0,1,0,0,1,16,0,690.776,5
11,36,0,0,0,1,0,0,1,16,0,685.646,6
12,37,0,0,0,1,0,0,1,16,0,690.776,7
16,48,1,0,0,1,1,0,1,12,0,627.099,1
17,37,1,1,0,1,1,0,1,12,0,653.959,2
18,32,1,1,0,1,1,0,1,12,0,656.667,3
19,47,1,1,0,1,1,0,1,12,0,659.578,4
20,40,1,1,0,1,1,0,1,12,0,683.841,5
21,42,1,1,0,1,1,0,1,12,0,694.022,6
22,5,1,1,0,1,1,0,1,12,0,680.351,7
20,50,1,0,1,0,1,0,0,16,0,630.992,1
21,50,1,0,1,0,1,0,0,16,0,643.294,2
22,46,1,0,1,0,1,0,0,16,0,648.158,3
23,49,1,0,1,0,1,0,0,16,0,660.665,4
24,50,1,0,1,0,1,0,0,16,0,663.332,5
25,48,0,0,1,0,1,0,0,16,0,674.524,6
26,46,1,0,1,0,1,0,0,16,0,682.763,7
4,50,1,0,1,0,1,0,0,8,1,541.61,1
5,44,1,0,1,0,1,0,0,8,1,545.959,2
6,48,1,0,1,0,1,0,0,8,1,545.959,3
7,43,1,0,1,0,0,0,0,8,1,557.973,4
8,6,1,0,1,0,0,0,0,8,1,570.378,5
9,6,1,0,1,0,0,0,0,8,1,570.378,6
10,35,1,0,1,0,0,0,0,8,1,570.378,7
13,49,1,0,0,1,1,0,0,12,0,622.456,1
14,37,1,0,0,1,1,0,0,12,0,630.992,2
15,49,1,0,0,1,1,0,0,12,0,630.992,3
16,48,1,0,0,1,1,0,0,12,0,638.519,4
17,22,1,0,0,1,1,0,0,12,0,643.455,5
18,50,1,0,0,1,1,0,0,12,0,655.108,6
19,48,1,0,0,1,0,0,0,12,0,668.461,7
12,50,0,0,1,1,0,0,0,17,0,674.524,1
13,44,0,0,1,1,0,0,0,17,0,672.743,2
14,50,0,0,1,1,0,0,0,17,0,688.244,3
15,45,0,0,1,1,1,0,0,17,0,692.756,4
16,44,0,0,1,1,0,0,0,17,0,689.972,5
17,51,0,0,1,1,0,0,0,17,0,702.731,6
18,49,0,0,1,1,0,0,0,17,0,713.09,7
3,49,0,0,0,1,1,0,0,16,0,652.209,1
4,46,0,0,0,1,1,0,0,16,0,668.461,2
5,48,0,0,0,1,1,0,0,16,0,680.239,3
6,48,0,0,0,1,1,0,0,16,0,700.307,4
7,48,0,0,0,1,1,0,0,16,0,700.307,5
8,48,0,0,0,1,1,0,0,16,0,727.932,6
9,48,0,1,0,1,1,0,0,16,0,737.776,7
33,47,0,0,0,0,1,0,0,13,0,665.286,1
34,47,0,0,0,0,1,0,0,13,0,677.422,2
35,47,0,0,0,0,1,0,0,13,0,680.239,3
36,47,0,0,0,0,1,0,0,13,0,685.646,4
37,48,0,0,0,0,1,0,0,13,0,700.307,5
38,48,1,0,0,0,1,0,0,13,0,709.008,6
39,48,1,0,0,0,1,0,0,13,0,706.902,7
8,48,1,1,0,0,1,0,1,12,0,654.535,1
9,51,0,1,0,0,1,0,1,12,0,645.362,2
10,49,0,1,0,0,1,0,1,12,0,657.786,3
11,49,0,1,0,0,1,0,1,12,0,667.456,4
12,50,1,1,0,0,1,0,1,12,0,677.308,5
13,50,0,1,0,0,1,0,1,12,0,686.901,6
14,50,1,1,0,0,1,0,1,12,0,690.776,7
29,46,1,1,0,1,1,0,0,12,0,663.857,1
30,47,1,1,0,1,1,0,0,12,0,668.461,2
31,47,1,1,0,1,1,0,0,12,0,673.34,3
32,47,1,1,0,1,1,0,0,12,0,688.244,4
33,47,1,1,0,1,1,0,0,12,0,692.56,5
34,47,1,1,0,1,1,0,0,12,0,704.141,6
35,47,1,1,0,1,1,0,0,12,0,708.841,7
30,49,0,1,0,0,1,0,0,12,0,655.108,1
31,49,0,1,0,0,1,0,0,12,0,658.617,2
32,49,0,0,0,0,1,0,0,12,0,665.286,3
33,52,0,1,0,0,1,0,0,12,0,643.775,4
34,48,0,1,0,0,1,0,0,12,0,662.007,5
35,50,0,1,0,0,1,0,0,12,0,680.239,6
36,49,1,1,0,0,1,0,1,12,0,668.461,7
25,38,0,0,0,1,1,0,1,17,0,662.007,1
26,40,0,0,0,1,1,0,1,17,0,680.239,2
27,39,0,0,0,1,1,0,1,17,0,685.646,3
28,38,0,0,0,1,1,0,1,17,0,690.776,4
29,39,0,0,0,1,1,0,1,17,0,695.655,5
30,39,0,0,0,1,1,0,1,17,0,709.008,6
31,35,0,0,0,1,1,0,1,17,0,715.07,7
9,50,1,0,0,0,1,0,0,12,0,610.925,1
10,52,1,0,0,0,1,0,0,12,0,621.461,2
11,52,1,0,0,0,1,0,0,12,0,621.461,3
12,52,1,0,0,0,1,0,0,12,0,655.82,4
13,52,1,0,0,0,1,0,0,12,0,666.568,5
14,46,1,0,0,0,1,0,0,12,0,686.171,6
15,52,1,0,0,0,1,0,0,12,0,697.073,7
8,50,1,0,0,1,1,0,0,12,0,574.3,1
9,38,1,0,0,1,1,0,0,12,0,605.209,2
10,49,0,0,0,1,1,0,0,12,0,607.993,3
11,49,1,0,0,1,1,0,0,12,0,630.992,4
12,51,1,0,0,1,1,0,0,12,0,639.693,5
13,51,1,0,0,1,1,0,0,12,0,647.697,6
14,49,1,0,0,1,0,0,0,12,0,651.471,7
10,50,1,1,1,1,1,0,1,12,0,604.025,1
11,52,1,1,1,1,1,0,1,12,0,618.415,2
12,51,1,1,1,1,1,0,1,12,0,621.461,3
13,49,1,1,1,1,1,0,1,12,0,630.992,4
14,49,1,1,1,1,1,0,1,12,0,645.52,5
15,50,1,1,1,1,1,0,1,12,0,652.209,6
16,49,1,1,1,1,1,0,1,12,0,664.249,7
10,49,1,1,1,1,0,1,0,11,1,607.304,1
11,46,1,1,1,1,0,1,0,11,1,619.441,2
12,50,1,1,1,1,0,1,0,11,1,631.897,3
13,50,1,1,1,1,0,1,0,11,1,639.526,4
14,46,1,1,1,1,0,1,0,11,1,647.697,5
15,45,1,1,1,1,0,1,0,11,1,659.715,6
16,41,1,1,1,1,0,1,0,11,1,669.208,7
37,50,1,1,0,0,1,0,1,12,0,617.794,1
38,50,1,1,0,0,1,0,1,12,0,631.716,2
39,50,1,1,0,0,1,0,1,12,0,641.182,3
40,50,1,1,0,0,1,0,1,12,0,639.693,4
41,40,1,1,0,0,1,0,1,12,0,651.471,5
42,48,1,1,0,0,1,0,1,12,0,661.338,6
43,45,1,1,0,0,1,0,1,12,0,667.834,7
10,50,0,0,0,1,1,0,0,15,0,671.538,1
11,48,0,0,0,1,1,0,0,15,0,678.559,2
12,48,0,0,0,1,1,0,0,15,0,688.449,3
13,47,0,0,0,1,1,0,0,15,0,700.307,4
14,43,0,0,0,1,1,0,0,15,0,709.008,5
15,49,0,0,0,1,1,0,0,15,0,717.012,6
16,48,0,0,0,1,1,0,0,15,0,729.302,7
10,20,1,0,0,0,0,1,0,10,0,501.064,1
11,30,1,0,0,0,0,1,0,10,0,501.064,2
12,36,1,0,0,0,0,1,0,10,0,552.146,3
13,52,1,0,0,0,0,1,0,10,0,566.988,4
14,52,1,0,0,0,0,1,0,10,0,573.657,5
15,29,1,0,0,0,0,1,0,10,0,581.413,6
16,40,1,0,0,0,0,1,0,10,0,581.413,7
3,40,0,0,0,1,1,0,0,17,0,623.245,1
4,42,0,0,0,1,1,0,0,17,0,657.925,2
5,44,0,0,0,1,1,0,1,17,0,665.286,3
6,48,0,0,0,1,1,0,1,17,0,674.524,4
7,48,0,0,0,1,1,0,0,17,0,749.554,5
8,48,0,0,0,1,1,0,0,17,0,816.052,6
9,50,0,0,0,1,1,0,0,17,0,830.82,7
25,50,0,0,1,0,1,0,0,17,0,690.575,1
26,50,0,0,1,0,1,0,0,17,0,690.575,2
27,51,0,0,1,0,1,0,0,17,0,740.853,3
28,51,0,0,1,0,1,0,0,17,0,746.737,4
29,51,0,0,1,0,1,0,0,17,0,752.294,5
30,49,0,0,1,0,1,0,0,17,0,746.737,6
31,50,0,0,1,0,1,0,0,17,0,757.558,7
24,39,1,0,1,0,1,0,0,9,0,567.332,1
25,47,1,0,1,0,1,0,0,9,0,574.62,2
26,49,1,0,1,0,1,0,0,9,0,582.895,3
27,50,1,0,1,0,1,0,0,9,0,607.993,4
28,52,1,0,1,0,1,0,0,9,0,599.146,5
29,49,1,0,1,0,1,0,0,9,0,599.146,6
30,49,1,0,1,0,1,0,0,9,0,613.773,7
12,51,1,0,0,1,0,0,0,12,1,599.146,1
13,51,1,0,0,1,0,0,0,12,1,592.693,2
14,50,1,0,0,1,0,0,0,12,1,607.993,3
15,49,0,0,0,1,0,0,0,12,1,607.993,4
16,45,0,0,0,1,0,0,0,12,1,626.34,5
17,52,0,0,0,1,0,0,0,12,1,643.775,6
18,28,0,0,0,1,0,0,0,12,1,655.108,7
10,48,0,1,0,1,1,0,0,16,0,690.575,1
11,47,0,1,0,1,1,0,0,16,0,690.575,2
12,47,0,1,0,1,1,0,0,16,0,722.766,3
13,46,0,1,0,1,1,0,0,16,0,729.302,4
14,48,0,1,0,1,1,0,0,16,0,733.368,5
15,49,0,0,0,1,1,0,0,16,0,757.353,6
16,50,0,0,0,1,1,0,0,16,0,727.101,7
28,48,0,1,0,1,1,0,0,16,0,690.575,1
29,46,0,1,0,1,1,0,0,16,0,690.575,2
30,46,0,1,0,1,1,0,0,16,0,734.601,3
31,49,0,1,0,1,1,0,0,16,0,731.322,4
32,44,0,1,0,1,1,0,0,16,0,755.486,5
33,48,0,1,0,1,1,0,0,16,0,771.869,6
34,43,0,1,0,1,1,0,0,16,0,769.621,7
5,28,1,1,0,1,0,0,1,12,0,608.222,1
6,40,0,1,0,1,0,0,1,12,0,651.323,2
7,29,1,1,0,1,0,0,1,12,0,662.141,3
8,46,1,1,0,1,0,0,1,12,0,669.95,4
9,48,1,1,0,1,0,0,1,12,0,679.571,5
10,49,1,1,0,1,0,0,1,12,0,689.669,6
11,48,1,1,0,1,0,0,1,12,0,699.668,7
3,49,0,0,0,1,0,1,0,12,0,596.615,1
4,50,0,0,0,1,0,1,0,12,0,611.147,2
5,48,0,0,0,1,0,1,0,12,0,617.379,3
6,49,0,0,0,1,0,1,0,12,0,622.059,4
7,48,0,0,0,1,0,1,0,12,0,628.972,5
8,50,0,0,0,1,0,1,0,12,0,636.475,6
9,49,0,0,0,1,0,1,0,12,0,672.743,7
4,50,1,0,0,0,1,0,0,14,0,643.615,1
5,50,0,0,0,0,1,0,0,14,0,665.929,2
6,50,0,0,0,0,1,0,0,14,0,674.524,3
7,50,0,0,0,0,1,0,0,14,0,685.646,4
8,50,0,0,0,0,1,0,0,14,0,690.776,5
9,49,0,0,0,0,1,0,0,14,0,713.33,6
10,47,0,0,0,0,1,0,0,14,0,721.891,7
19,49,0,0,0,1,0,1,0,15,0,677.422,1
20,51,0,0,0,1,0,1,0,15,0,682.546,2
21,48,0,0,0,1,0,1,0,15,0,607.993,3
22,49,0,0,0,1,0,1,0,15,0,690.776,4
23,47,0,0,0,1,0,1,0,15,0,621.461,5
24,52,0,0,0,1,0,1,0,15,0,670.073,6
25,50,0,0,0,1,0,1,0,15,0,659.304,7
3,49,1,1,0,0,1,0,0,9,0,610.032,1
4,48,1,1,0,0,1,0,0,9,0,615.698,2
5,49,1,1,0,0,1,0,0,9,0,624.222,3
6,50,1,1,0,0,1,0,0,9,0,638.351,4
7,51,1,1,0,0,1,0,0,9,0,642.487,5
8,47,1,1,0,0,1,0,0,9,0,657.228,6
9,49,1,1,0,0,1,0,0,9,0,675.693,7
20,47,1,0,0,0,1,0,0,16,0,574.62,1
21,47,1,0,0,0,1,0,0,16,0,592.693,2
22,49,1,0,0,0,1,0,0,16,0,601.616,3
23,50,1,0,0,0,1,0,0,16,0,594.803,4
24,46,1,0,0,0,1,0,0,16,0,605.209,5
25,48,1,0,0,0,1,0,0,16,0,632.436,6
26,49,1,0,0,0,1,0,0,16,0,636.99,7
11,48,0,0,0,1,1,0,0,12,0,628.972,1
12,48,0,0,0,1,1,0,0,12,0,639.693,2
13,50,0,0,0,0,1,0,0,12,0,654.535,3
14,50,0,0,0,1,1,0,0,12,0,673.102,4
15,51,0,0,0,1,1,0,0,12,0,749.332,5
16,50,0,0,0,1,1,0,0,12,0,673.102,6
17,50,0,0,0,1,1,0,0,12,0,698.286,7
14,46,1,1,1,0,1,0,1,12,0,655.108,1
15,26,0,1,1,0,1,0,0,12,0,686.693,2
16,50,0,1,1,0,1,0,0,12,0,692.56,3
17,49,0,1,1,0,1,0,0,12,0,706.476,4
18,49,1,1,1,0,1,0,0,12,0,713.09,5
19,49,1,1,1,0,1,0,0,12,0,743.838,6
20,32,1,1,1,0,1,0,1,12,0,714.441,7
8,51,1,0,1,0,1,1,0,14,0,585.793,1
9,51,1,0,1,0,1,1,0,14,0,588.61,2
10,51,1,0,1,0,1,1,0,14,0,599.146,3
11,50,1,0,1,0,1,1,0,14,0,602.828,4
12,50,1,0,1,0,1,1,0,14,0,610.925,5
13,50,1,0,1,0,0,1,0,14,0,616.331,6
14,51,1,0,1,0,0,1,0,14,0,621.461,7
10,36,1,0,1,0,0,1,0,8,0,542.053,1
11,36,1,0,1,0,0,1,0,8,0,551.745,2
12,39,1,0,1,0,0,1,0,8,0,519.296,3
13,36,1,0,1,0,0,1,0,8,0,534.711,4
14,35,1,0,1,0,0,1,0,8,0,564.191,5
15,38,1,0,1,0,0,1,0,8,0,565.948,6
16,41,1,0,1,0,0,1,0,8,0,575.257,7
25,47,1,1,0,1,1,0,0,12,0,655.393,1
26,47,1,1,0,1,1,0,0,12,0,671.538,2
27,47,1,1,0,1,1,0,0,12,0,662.407,3
28,47,1,1,0,1,1,0,0,12,0,683.087,4
29,47,1,1,0,1,1,0,0,12,0,695.655,5
30,47,1,1,0,1,1,0,1,12,0,679.01,6
31,47,1,1,0,1,1,0,1,12,0,709.008,7
23,48,1,0,0,0,1,0,1,12,0,655.108,1
24,49,1,0,0,0,1,0,1,12,0,662.007,2
25,48,1,0,0,0,1,0,1,12,0,670.564,3
26,48,1,0,0,0,1,0,1,12,0,678.559,4
27,46,1,0,0,0,1,0,1,12,0,688.857,5
28,46,1,0,0,0,1,0,1,12,0,700.76,6
29,47,1,0,0,0,1,0,1,12,0,711.233,7
35,45,1,0,0,1,1,0,0,12,0,680.239,1
36,45,1,0,0,1,1,0,0,12,0,685.646,2
37,45,1,0,0,1,1,0,0,12,0,698.008,3
38,46,1,0,0,1,1,0,0,12,0,709.589,4
39,44,1,0,0,1,1,0,0,12,0,748.829,5
40,44,1,0,0,1,1,0,0,12,0,745.124,6
41,30,1,1,0,1,1,0,1,12,0,747.873,7
22,47,1,0,0,1,0,0,1,12,0,690.575,1
23,49,1,0,0,1,1,0,1,12,0,690.575,2
24,45,1,0,0,1,1,0,1,12,0,711.639,3
25,26,1,0,0,1,1,0,1,12,0,707.412,4
26,22,1,0,0,1,1,0,1,12,0,705.79,5
27,48,1,0,0,1,1,0,1,12,0,702.643,6
28,42,1,0,0,1,1,0,1,12,0,726.263,7
10,49,0,0,0,1,1,0,0,12,0,662.007,1
11,48,0,0,0,1,1,0,0,12,0,662.007,2
12,48,0,0,0,1,1,0,0,12,0,683.303,3
13,48,0,0,0,1,1,0,0,12,0,692.56,4
14,47,0,0,0,1,1,0,0,12,0,702.376,5
15,46,0,0,0,1,1,0,0,12,0,706.305,6
16,48,0,0,0,1,1,0,0,12,0,718.311,7
23,48,0,0,0,1,1,0,0,17,0,690.575,1
24,48,0,0,0,0,1,0,0,17,0,690.575,2
25,49,0,0,0,0,1,0,0,17,0,704.752,3
26,48,0,0,0,0,1,0,0,17,0,709.008,4
27,48,0,0,0,0,1,0,0,17,0,713.09,5
28,48,0,0,0,0,1,0,0,17,0,699.942,6
29,49,0,0,0,0,1,0,0,17,0,701.481,7
6,51,1,1,1,0,1,0,0,9,0,609.582,1
7,51,1,1,1,0,1,0,0,9,0,629.157,2
8,50,1,1,1,0,1,0,0,9,0,640.523,3
9,50,1,1,1,0,1,0,0,9,0,662.007,4
10,49,1,1,1,0,1,0,0,9,0,671.901,5
11,50,1,1,1,0,1,0,0,9,0,682.546,6
12,50,1,1,1,0,1,0,0,9,0,695.464,7
25,50,1,1,1,0,1,0,1,6,0,610.032,1
26,51,1,1,1,0,1,0,1,6,0,629.157,2
27,51,1,1,1,0,1,0,1,6,0,629.157,3
28,51,1,1,1,0,1,0,1,6,0,637.161,4
29,44,1,1,1,0,1,0,1,6,0,647.389,5
30,41,1,1,1,0,1,0,1,6,0,654.679,6
31,42,1,1,1,0,1,0,1,6,0,659.03,7
6,48,0,1,0,1,1,0,1,12,0,628.6,1
7,49,0,1,0,1,1,0,1,12,0,645.99,2
8,42,0,1,0,1,1,0,1,12,0,654.965,3
9,15,0,1,0,1,1,0,1,12,0,664.639,4
10,44,0,1,0,1,1,0,1,12,0,676.849,5
11,47,1,1,0,1,1,0,1,12,0,684.162,6
12,44,0,1,0,1,1,0,1,12,0,694.794,7
32,48,0,0,0,1,1,0,0,16,0,690.575,1
33,49,0,0,0,1,1,0,0,16,0,690.575,2
34,50,0,0,0,1,1,0,0,16,0,736.518,3
35,48,0,0,0,1,1,0,0,16,0,742.476,4
36,49,0,0,0,1,1,0,0,16,0,746.737,5
37,52,0,0,0,1,1,0,0,16,0,728.139,6
38,50,0,0,0,1,1,0,0,16,0,749.332,7
11,47,1,0,0,0,1,0,1,12,0,654.965,1
12,45,1,0,0,0,1,0,1,12,0,683.518,2
13,48,1,0,0,0,1,0,1,12,0,679.794,3
14,48,1,0,0,0,1,0,1,12,0,680.128,4
15,48,1,0,0,0,1,0,1,12,0,691.075,5
16,51,1,1,0,0,1,0,1,12,0,669.084,6
17,49,1,1,0,0,1,0,1,12,0,647.697,7
11,52,0,1,1,1,1,0,0,16,0,644.572,1
12,50,0,1,1,1,1,0,0,16,0,662.007,2
13,50,0,1,1,1,1,0,0,16,0,669.703,3
14,50,0,1,1,1,1,0,0,16,0,682.979,4
15,50,0,1,1,1,1,0,0,16,0,690.776,5
16,51,0,1,1,1,1,0,0,16,0,672.263,6
17,52,0,1,1,1,1,0,0,16,0,672.022,7
7,46,1,0,1,0,1,0,0,9,0,605.209,1
8,50,1,0,1,0,1,0,0,9,0,621.461,2
9,49,1,0,1,0,1,0,0,9,0,643.775,3
10,48,1,0,1,0,1,0,0,9,0,658.617,4
11,50,1,0,1,0,1,0,0,9,0,668.461,5
12,50,1,0,1,0,1,0,0,9,0,674.524,6
13,40,1,0,1,0,1,0,0,9,0,690.776,7
20,50,1,1,1,0,0,1,0,7,0,553.339,1
21,50,1,1,1,0,0,1,0,7,0,582.008,2
22,50,1,1,1,0,0,1,0,7,0,589.99,3
23,50,1,1,1,0,0,1,0,7,0,597.635,4
24,49,1,1,1,0,0,1,0,7,0,605.209,5
25,48,1,1,1,0,0,1,0,7,0,612.905,6
26,39,1,1,1,0,0,1,0,7,0,621.261,7
29,47,0,1,0,0,1,0,0,12,0,668.461,1
30,48,0,1,0,0,1,0,0,12,0,668.461,2
31,47,0,1,0,0,1,0,0,12,0,677.422,3
32,45,0,1,0,0,1,0,0,12,0,684.588,4
33,45,0,1,0,0,1,0,0,12,0,702.554,5
34,45,0,1,0,0,1,0,0,12,0,708.841,6
35,45,0,1,0,0,1,0,0,12,0,713.09,7
8,50,0,0,0,1,0,0,0,13,0,639.693,1
9,50,0,0,0,1,0,0,0,13,0,651.915,2
10,48,0,0,0,1,0,0,0,13,0,660.394,3
11,50,0,0,0,1,0,0,0,13,0,673.815,4
12,49,0,0,0,1,0,0,0,13,0,684.268,5
13,48,0,0,0,1,0,0,0,13,0,690.776,6
14,50,0,0,0,1,0,0,0,13,0,709.008,7
3,43,0,0,0,0,1,0,0,17,0,617.379,1
4,38,0,0,0,0,1,0,0,17,0,633.683,2
5,36,0,0,0,0,1,0,0,17,0,635.437,3
6,36,0,0,0,0,1,0,0,17,0,639.526,4
7,36,0,0,0,0,1,0,1,17,0,655.108,5
8,37,0,0,0,0,1,0,1,17,0,668.461,6
9,38,0,0,0,0,1,0,0,17,0,673.102,7
20,48,1,1,0,0,1,0,1,11,0,616.331,1
21,47,1,1,0,0,1,0,1,11,0,624.222,2
22,48,1,1,0,0,1,0,1,11,0,636.647,3
23,47,1,1,0,0,1,0,1,11,0,644.254,4
24,47,1,1,0,0,1,0,1,11,0,651.026,5
25,45,1,1,0,0,1,0,1,11,0,662.407,6
26,47,1,1,0,0,1,0,1,11,0,671.538,7
7,50,0,0,1,1,0,1,0,12,0,590.808,1
8,50,0,0,1,1,0,1,0,12,0,592.693,2
9,51,0,0,1,1,0,1,0,12,0,610.702,3
10,51,0,0,1,1,0,1,0,12,0,626.149,4
11,48,0,0,1,1,0,1,0,12,0,626.149,5
12,50,0,0,1,1,0,1,0,12,0,631.716,6
13,50,0,0,1,1,0,1,0,12,0,642.487,7
19,46,0,0,0,1,1,0,0,9,0,607.993,1
20,52,0,0,0,1,1,0,0,9,0,607.993,2
21,51,0,0,0,1,1,0,0,9,0,613.773,3
22,50,0,0,0,1,1,0,0,9,0,618.826,4
23,51,0,0,0,1,1,0,0,9,0,618.826,5
24,51,0,0,0,1,1,0,0,9,0,596.615,6
25,52,0,0,0,1,1,0,0,9,0,601.616,7
32,50,1,0,1,0,1,0,1,9,0,647.697,1
33,48,1,0,1,0,1,0,1,9,0,653.669,2
34,45,1,0,1,0,1,0,0,9,0,658.617,3
35,38,1,0,1,0,1,0,1,9,0,667.203,4
36,28,1,0,1,0,1,0,1,9,0,680.239,5
37,44,1,0,1,0,1,0,1,9,0,693.731,6
38,46,1,0,1,0,1,0,1,9,0,704.752,7
25,45,1,0,1,0,1,0,1,12,0,654.679,1
26,48,1,0,1,0,1,0,1,12,0,668.461,2
27,42,1,0,1,0,1,0,1,12,0,690.776,3
28,36,1,0,1,0,1,0,1,12,0,669.456,4
29,48,1,0,1,0,1,0,1,12,0,690.776,5
30,34,1,0,1,0,1,0,1,12,0,693.828,6
31,34,1,0,1,0,1,0,1,12,0,704.839,7
12,48,0,0,0,1,1,0,0,13,0,690.575,1
13,50,0,0,0,1,1,0,0,13,0,690.575,2
14,50,0,0,0,0,1,0,0,13,0,734.278,3
15,49,0,0,0,0,1,0,0,13,0,747.591,4
16,49,0,0,0,1,1,0,0,13,0,750.108,5
17,49,0,0,0,1,1,0,0,13,0,721.744,6
18,47,0,0,0,1,1,0,0,13,0,787.284,7
13,51,0,0,0,1,1,0,0,17,0,690.575,1
14,35,0,0,0,1,1,0,0,17,0,690.575,2
15,52,0,0,0,1,1,0,0,17,0,731.322,3
16,52,0,0,0,1,1,0,0,17,0,770.661,4
17,52,0,0,0,1,1,0,0,17,0,698.286,5
18,52,0,0,0,1,1,0,0,17,0,746.737,6
19,51,0,0,0,1,1,0,0,17,0,791.936,7
15,22,1,0,0,1,0,1,0,11,1,539.363,1
16,46,1,0,0,1,0,1,0,11,1,552.146,2
17,50,1,0,0,1,0,1,1,11,1,575.257,3
18,49,1,0,0,1,0,1,1,11,1,575.257,4
19,50,1,0,0,1,0,1,1,11,1,581.413,5
20,41,1,0,0,1,0,1,0,11,1,595.324,6
21,42,1,0,0,1,0,1,0,11,1,605.209,7
23,49,0,0,0,0,1,0,0,17,0,655.108,1
24,40,0,0,0,0,1,0,0,17,0,667.203,2
25,44,0,0,0,0,1,0,0,17,0,666.568,3
26,43,0,0,0,0,1,0,0,17,0,667.203,4
27,41,0,0,0,0,1,0,0,17,0,671.538,5
28,40,0,0,0,0,1,0,0,17,0,680.239,6
29,42,0,0,0,0,1,0,0,17,0,689.77,7
34,39,1,1,0,0,0,0,1,8,0,662.007,1
35,48,1,1,0,0,0,0,1,8,0,662.007,2
36,48,1,1,0,0,0,0,1,8,0,671.538,3
37,48,1,1,0,0,0,0,1,8,0,680.239,4
38,47,1,1,0,0,0,0,1,8,0,685.646,5
39,45,1,1,0,0,0,0,1,8,0,690.776,6
40,45,1,1,0,0,0,0,1,8,0,695.655,7
30,49,0,1,0,1,1,0,0,10,0,677.422,1
31,48,0,1,0,1,1,0,0,10,0,690.575,2
32,49,0,1,0,1,1,0,0,10,0,690.776,3
33,49,0,1,0,1,1,0,0,10,0,736.96,4
34,52,0,1,0,1,1,0,0,10,0,745.298,5
35,49,0,1,0,1,1,0,0,10,0,764.969,6
36,48,0,1,0,1,1,0,1,10,0,754.961,7
7,49,0,1,0,1,1,0,0,17,0,690.575,1
8,48,0,1,0,1,1,0,0,17,0,690.575,2
9,49,0,1,0,1,1,0,0,17,0,709.008,3
10,49,0,1,0,1,1,0,0,17,0,720.786,4
11,47,0,1,0,1,1,0,0,17,0,731.322,5
12,49,0,1,0,1,1,0,0,17,0,720.117,6
13,49,0,1,0,1,1,0,0,17,0,760.09,7
27,48,0,0,0,1,1,0,0,11,0,690.575,1
28,49,1,0,0,1,1,0,0,11,0,690.575,2
29,49,1,0,0,1,1,0,0,11,0,700.307,3
30,51,1,0,0,1,1,0,0,11,0,709.008,4
31,48,1,0,0,1,1,0,0,11,0,713.09,5
32,49,1,0,0,1,1,0,0,11,0,708.171,6
33,48,1,1,0,1,1,0,0,11,0,724.423,7
24,49,0,0,0,1,1,0,0,12,0,628.6,1
25,48,1,0,0,1,1,0,0,12,0,635.437,2
26,49,1,0,0,1,1,0,0,12,0,643.775,3
27,49,1,0,0,1,1,0,0,12,0,643.775,4
28,49,1,0,0,1,1,0,0,12,0,647.697,5
29,49,1,0,0,1,1,0,0,12,0,655.108,6
30,49,1,0,0,1,1,0,0,12,0,655.108,7
35,48,0,0,1,1,1,0,0,16,1,626.34,1
36,50,0,0,1,1,1,0,0,16,1,617.379,2
37,50,0,0,1,1,1,0,0,16,1,610.925,3
38,46,0,0,1,1,1,0,0,16,1,610.925,4
39,52,0,0,1,1,1,0,0,16,1,630.992,5
40,51,0,0,1,1,1,0,0,16,1,621.461,6
41,50,0,0,1,1,1,0,0,16,1,639.693,7
17,49,0,0,1,1,1,0,0,17,0,685.646,1
18,49,0,0,1,1,1,0,0,17,0,690.575,2
19,49,0,0,1,1,1,0,0,17,0,704.752,3
20,49,0,0,1,1,1,0,0,17,0,713.09,4
21,47,0,0,1,1,1,0,0,17,0,724.423,5
22,48,0,0,1,1,1,0,0,17,0,699.485,6
23,48,0,0,1,1,1,0,0,17,0,754.961,7
4,49,0,0,0,0,1,0,0,13,0,605.209,1
5,50,0,0,0,0,1,0,0,13,0,605.209,2
6,50,0,0,0,0,1,0,0,13,0,621.461,3
7,51,0,0,0,0,1,0,0,13,0,633.328,4
8,50,0,0,0,0,1,0,0,13,0,643.775,5
9,49,0,0,0,0,1,0,0,13,0,619.236,6
10,49,0,0,0,0,1,0,0,13,0,653.233,7
11,46,1,1,0,0,1,0,1,12,0,631.536,1
12,12,1,1,0,0,1,0,1,12,0,633.328,2
13,49,1,1,0,0,1,0,1,12,0,640.192,3
14,49,1,1,0,0,1,0,1,12,0,654.103,4
15,48,1,1,0,0,1,0,1,12,0,654.679,5
16,49,1,1,0,0,1,0,1,12,0,665.028,6
17,49,1,1,0,0,1,0,1,12,0,668.835,7
19,48,0,0,0,1,1,0,0,12,0,681.344,1
20,43,0,0,0,1,1,0,0,12,0,680.239,2
21,48,0,0,0,1,1,0,1,12,0,695.655,3
22,48,0,0,0,1,1,0,0,12,0,708.841,4
23,48,0,0,0,1,1,0,1,12,0,736.455,5
24,50,0,0,0,1,1,0,0,12,0,749.554,6
25,50,1,0,0,1,1,0,1,12,0,721.082,7
33,43,0,0,1,1,1,0,1,12,0,647.851,1
34,41,0,0,1,1,1,0,1,12,0,655.393,2
35,43,0,0,1,1,1,0,1,12,0,662.804,3
36,42,0,0,1,1,1,0,1,12,0,674.524,4
37,41,0,0,1,1,1,0,1,12,0,682.979,5
38,45,0,0,1,0,1,0,1,12,0,709.008,6
39,46,0,0,1,0,1,0,1,12,0,705.099,7
28,44,0,0,0,1,1,0,0,17,0,690.575,1
29,49,0,0,0,1,1,0,0,17,0,690.575,2
30,48,0,0,0,1,1,0,1,17,0,720.786,3
31,45,0,0,0,1,1,0,1,17,0,729.302,4
32,46,0,0,0,1,1,0,1,17,0,737.776,5
33,46,0,0,0,1,1,0,1,17,0,715.462,6
34,46,0,0,0,1,1,0,1,17,0,728.207,7
1,45,1,0,0,1,0,0,0,11,0,570.378,1
2,46,1,0,0,1,0,0,0,11,0,626.34,2
3,43,1,0,0,1,0,0,0,11,0,592.693,3
4,36,1,0,0,1,0,0,0,11,0,552.146,4
5,44,0,0,0,1,0,0,0,11,0,599.146,5
6,47,1,0,0,1,0,0,0,11,0,616.331,6
7,51,1,0,0,1,0,0,0,11,0,635.437,7
12,50,0,1,1,0,1,0,0,14,0,610.925,1
13,49,0,1,1,0,1,0,0,14,0,624.417,2
14,50,0,1,1,0,1,0,0,14,0,628.227,3
15,49,0,1,1,0,1,0,0,14,0,638.519,4
16,50,0,1,1,0,1,0,0,14,0,648.92,5
17,49,0,1,1,0,1,0,0,14,0,655.678,6
18,48,0,1,1,0,1,0,0,14,0,677.422,7
34,30,1,0,0,1,1,0,1,5,0,690.575,1
35,26,1,0,0,1,1,0,1,5,0,690.575,2
36,30,1,0,0,1,1,0,1,5,0,703.878,3
37,36,1,0,0,1,1,0,1,5,0,712.287,4
38,49,1,0,0,1,1,0,1,5,0,712.287,5
39,44,1,0,0,1,1,0,1,5,0,717.012,6
40,52,1,0,0,1,1,0,1,5,0,730.653,7
10,49,0,0,0,1,0,1,0,12,0,602.345,1
11,49,0,0,0,1,0,1,0,12,0,625.383,2
12,49,0,0,0,1,0,1,0,12,0,633.328,3
13,49,0,0,0,1,0,1,0,12,0,647.697,4
14,49,0,0,0,1,0,1,0,12,0,649.072,5
15,49,0,0,0,1,0,1,0,12,0,684.268,6
16,49,0,0,0,1,0,1,0,12,0,690.174,7
30,49,1,1,1,0,1,0,0,12,0,557.973,1
31,52,1,1,1,0,1,0,0,12,0,566.988,2
32,51,1,1,1,0,1,0,0,12,0,582.6,3
33,48,1,1,1,0,1,0,0,12,0,587.493,4
34,50,1,1,1,0,1,0,0,12,0,589.99,5
35,43,1,1,1,0,1,0,0,12,0,610.925,6
36,50,1,1,1,0,1,0,0,12,0,619.236,7
29,47,0,0,0,1,1,0,0,16,0,690.575,1
30,52,0,0,0,1,1,0,0,16,0,690.575,2
31,43,0,0,0,1,1,0,0,16,0,711.07,3
32,48,0,0,0,1,1,0,0,16,0,713.09,4
33,48,0,0,0,1,1,0,0,16,0,667.077,5
34,48,0,0,0,1,1,0,0,16,0,690.776,6
35,48,0,0,0,1,1,0,0,16,0,690.776,7
2,50,0,0,1,1,1,0,0,16,0,614.633,1
3,50,0,0,1,1,1,0,0,16,0,655.108,2
4,50,0,0,0,1,1,0,0,16,0,680.239,3
5,50,0,0,0,1,1,0,0,16,0,690.776,4
6,50,0,0,0,1,1,0,0,16,0,709.008,5
7,50,0,0,0,1,1,0,0,16,0,724.423,6
8,49,0,0,0,1,1,0,0,16,0,731.322,7
16,40,0,0,0,1,0,1,1,17,0,668.461,1
17,40,0,0,0,1,0,1,0,17,0,674.524,2
18,40,0,0,0,1,0,1,1,17,0,674.524,3
19,40,0,0,0,1,0,1,0,17,0,685.646,4
20,39,0,0,0,1,0,1,0,17,0,690.776,5
21,42,0,0,0,1,0,1,0,17,0,690.776,6
22,42,0,1,0,1,0,1,1,17,0,690.776,7
2,50,1,0,0,0,1,0,1,12,0,591.35,1
3,50,1,0,0,0,1,0,1,12,0,624.028,2
4,50,1,0,0,0,1,0,1,12,0,636.303,3
5,50,1,0,0,0,1,0,1,12,0,655.108,4
6,50,1,0,0,0,1,0,1,12,0,671.538,5
7,50,1,0,0,0,1,0,1,12,0,680.239,6
8,50,1,0,0,0,1,0,1,12,0,690.776,7
23,49,0,1,0,1,1,0,0,16,0,690.575,1
24,48,0,1,0,1,1,0,0,16,0,690.575,2
25,49,0,1,0,1,1,0,0,16,0,764.969,3
26,48,0,1,0,1,1,0,0,16,0,788.231,4
27,49,0,1,0,1,1,0,0,16,0,782.405,5
28,48,0,1,0,1,1,0,0,16,0,797.247,6
29,48,0,1,0,1,1,0,0,16,0,804.719,7
27,34,0,0,0,0,1,0,0,17,0,604.025,1
28,49,0,0,0,0,1,0,0,17,0,690.575,2
29,49,0,0,0,0,1,0,0,17,0,695.655,3
30,47,0,0,0,0,1,0,0,17,0,701.571,4
31,46,0,0,0,0,1,0,1,17,0,709.008,5
32,48,0,0,0,0,1,0,0,17,0,713.09,6
33,48,0,0,0,0,1,0,0,17,0,704.141,7
30,46,1,0,0,1,1,0,1,10,0,663.332,1
31,49,1,0,0,1,1,0,1,10,0,671.538,2
32,47,1,1,0,1,1,0,1,10,0,682.979,3
33,50,1,1,0,1,1,0,1,10,0,690.776,4
34,50,1,1,0,1,1,0,0,10,0,700.307,5
35,45,1,1,0,1,1,0,1,10,0,708.255,6
36,39,1,1,0,1,1,0,1,10,0,713.09,7
21,39,1,1,0,0,1,0,1,12,0,623.245,1
22,47,1,1,0,0,1,0,1,12,0,630.262,2
23,48,1,1,0,0,1,0,1,12,0,634.564,3
24,48,1,1,0,0,1,0,1,12,0,647.235,4
25,50,1,1,0,0,1,0,1,12,0,648.768,5
26,48,1,1,0,0,1,0,1,12,0,671.538,6
27,47,1,1,0,0,1,0,1,12,0,674.524,7
18,49,1,1,1,0,1,0,0,7,0,592.693,1
19,48,1,1,1,0,1,0,0,7,0,595.324,2
20,46,1,1,1,0,1,0,0,7,0,610.925,3
21,48,1,1,1,0,1,0,0,7,0,614.204,4
22,46,1,1,1,0,1,0,0,7,0,617.379,5
23,40,1,1,1,0,1,0,0,7,0,617.379,6
24,49,1,1,1,0,1,0,0,7,0,617.379,7
7,48,0,1,0,0,1,0,0,17,0,690.575,1
8,49,0,1,0,0,1,0,0,17,0,690.575,2
9,49,0,1,0,0,1,0,0,17,0,718.917,3
10,49,0,1,0,0,1,0,0,17,0,719.293,4
11,48,0,1,0,1,1,0,0,17,0,737.776,5
12,48,0,1,0,1,1,0,0,17,0,737.776,6
13,48,0,1,0,1,1,0,0,17,0,748.717,7
6,36,0,0,0,0,1,0,0,16,0,616.331,1
7,36,0,0,0,0,1,0,0,16,0,615.273,2
8,43,0,0,0,0,1,0,0,16,0,636.99,3
9,36,0,0,0,0,1,0,0,16,0,638.012,4
10,40,0,0,0,0,1,0,0,16,0,631.716,5
11,40,0,0,0,0,1,0,0,16,0,657.925,6
12,36,0,0,0,0,1,0,0,16,0,659.304,7
32,52,0,0,0,0,0,0,1,12,0,674.524,1
33,50,1,0,0,0,0,0,0,12,0,685.118,2
34,52,1,0,0,0,1,0,0,12,0,690.776,3
35,50,0,0,0,0,1,0,0,12,0,696.602,4
36,50,0,0,0,0,1,0,0,12,0,703.439,5
37,48,0,0,0,0,1,0,0,12,0,692.067,6
38,48,0,0,0,0,1,0,0,12,0,703.527,7
27,47,0,0,0,1,1,0,0,16,0,690.575,1
28,47,0,0,0,1,1,0,0,16,0,690.575,2
29,47,0,0,0,1,1,0,0,16,0,782.405,3
30,47,0,0,0,1,1,0,0,16,0,790.101,4
31,47,0,0,0,1,1,0,0,16,0,767.322,5
32,47,0,0,0,0,1,0,0,16,0,800.637,6
33,49,0,0,0,0,1,0,0,16,0,805.516,7
34,49,1,1,0,1,1,0,1,12,0,690.575,1
35,49,1,1,0,1,1,0,1,12,0,690.575,2
36,49,1,1,0,1,1,0,1,12,0,712.367,3
37,49,1,1,0,1,1,0,1,12,0,723.921,4
38,49,1,0,0,1,1,0,1,12,0,742.357,5
39,49,1,0,0,1,1,0,1,12,0,746.737,6
40,48,1,0,0,1,1,0,1,12,0,755.747,7
15,50,1,0,0,1,1,0,0,10,0,653.814,1
16,49,1,0,0,1,0,0,0,10,0,662.936,2
17,45,1,0,0,1,0,0,0,10,0,672.263,3
18,43,1,1,0,1,1,0,0,10,0,686.485,4
19,49,1,0,0,1,1,0,0,10,0,687.626,5
20,44,1,0,0,1,1,0,1,10,0,675.809,6
21,38,1,0,0,1,1,0,1,10,0,676.964,7
7,47,1,0,0,1,0,1,1,10,0,575.257,1
8,45,1,0,0,1,0,1,1,10,0,575.257,2
9,46,1,0,0,1,0,1,1,10,0,588.053,3
10,41,1,0,0,1,0,1,1,10,0,594.542,4
11,48,1,0,0,1,0,1,1,10,0,603.548,5
12,45,1,0,0,1,0,1,1,10,0,602.587,6
13,39,1,0,0,1,0,1,1,10,0,616.542,7
9,46,1,1,0,1,1,0,1,12,0,690.575,1
10,43,1,1,0,1,1,0,1,12,0,690.575,2
11,40,1,1,0,1,1,0,1,12,0,714.52,3
12,43,1,0,0,1,1,0,1,12,0,722.548,4
13,50,1,0,0,1,1,0,1,12,0,733.302,5
14,49,1,1,0,1,1,0,1,12,0,740.853,6
15,48,1,1,0,1,1,0,1,12,0,734.601,7
22,42,1,1,1,0,1,0,0,10,0,637.161,1
23,48,1,1,1,0,1,0,0,10,0,646.925,2
24,48,1,1,1,0,1,0,0,10,0,656.948,3
25,43,1,1,1,0,1,0,0,10,0,651.175,4
26,52,1,1,1,0,1,0,0,10,0,656.526,5
27,52,1,1,1,0,1,0,0,10,0,664.639,6
28,52,1,1,1,0,1,0,0,10,0,673.34,7
36,48,1,0,0,1,1,0,0,7,0,639.693,1
37,44,1,0,0,1,1,0,0,7,0,647.697,2
38,45,1,0,0,1,1,0,0,7,0,655.108,3
39,50,1,0,0,1,1,0,0,7,0,662.007,4
40,50,1,0,0,1,1,0,0,7,0,666.568,5
41,50,1,0,0,1,1,0,0,7,0,668.461,6
42,40,1,0,0,1,1,0,0,7,0,670.93,7
37,50,1,0,1,0,1,0,1,10,0,647.697,1
38,26,1,0,1,0,1,0,0,10,0,635.437,2
39,24,1,0,1,0,1,0,1,10,0,635.437,3
40,39,1,0,1,0,1,0,1,10,0,650.728,4
41,51,1,0,1,0,1,0,1,10,0,659.715,5
42,44,1,0,1,0,1,0,1,10,0,666.313,6
43,46,1,0,1,0,1,0,1,10,0,662.007,7
9,50,1,0,0,1,0,1,0,7,1,543.808,1
10,44,1,0,0,1,0,1,0,7,1,556.068,2
11,50,1,0,0,1,0,1,0,7,1,557.973,3
12,50,1,0,0,1,0,1,0,7,1,573.657,4
13,50,1,0,0,1,0,1,0,7,1,576.832,5
14,50,1,0,0,1,0,1,0,7,1,581.413,6
15,49,1,0,0,1,0,1,0,7,1,604.025,7
10,49,1,0,0,1,0,1,0,11,0,574.62,1
11,50,1,0,0,1,0,1,0,11,0,573.657,2
12,42,1,0,0,1,0,1,0,11,0,541.61,3
13,51,1,0,0,1,0,1,0,11,0,546.383,4
14,52,0,1,0,1,0,1,0,11,0,621.461,5
15,50,1,0,0,1,0,1,0,11,0,585.793,6
16,47,1,0,0,1,0,1,0,11,0,621.461,7
30,49,0,1,0,1,1,0,0,16,0,662.007,1
31,48,0,1,0,1,0,0,0,16,0,655.108,2
32,48,0,1,0,1,0,0,0,16,0,674.524,3
33,47,0,1,0,1,0,0,0,16,0,680.239,4
34,48,0,1,0,1,0,0,0,16,0,695.655,5
35,47,0,1,0,1,0,0,0,16,0,702.554,6
36,48,0,1,0,1,0,0,0,16,0,700.307,7
18,48,1,1,1,0,1,0,1,10,0,605.678,1
19,47,1,1,1,0,1,0,1,10,0,610.925,2
20,48,1,1,1,0,1,0,1,10,0,618.415,3
21,48,1,1,1,0,1,0,1,10,0,628.413,4
22,48,1,1,1,0,1,0,1,10,0,639.693,5
23,48,1,1,1,0,1,0,1,10,0,651.471,6
24,48,1,1,1,0,1,0,1,10,0,657.508,7
6,50,0,0,1,0,1,0,0,16,0,588.61,1
7,49,0,0,1,1,1,0,0,16,0,621.461,2
8,49,0,0,1,0,1,0,0,16,0,644.572,3
9,50,0,0,1,0,1,0,0,16,0,639.693,4
10,49,0,0,1,0,0,0,0,16,0,665.673,5
11,50,0,0,1,0,0,0,0,16,0,662.007,6
12,49,0,0,1,0,0,0,0,16,0,662.007,7
25,49,0,0,0,1,1,0,0,17,1,690.575,1
26,47,0,0,0,1,1,0,0,17,1,690.575,2
27,49,0,0,0,1,1,0,0,17,1,754.961,3
28,48,0,0,0,1,1,0,0,17,1,760.09,4
29,49,0,0,0,1,1,0,0,17,1,767.322,5
30,48,0,0,0,1,1,0,0,17,1,760.09,6
31,47,0,0,0,1,1,0,0,17,1,769.621,7
7,49,0,1,1,0,1,0,1,12,1,623.832,1
8,32,0,1,1,0,1,0,1,12,1,649.224,2
9,49,1,1,1,0,1,0,1,12,1,652.209,3
10,49,1,1,1,0,1,0,1,12,1,658.617,4
11,34,1,1,1,0,1,0,1,12,1,680.239,5
12,49,1,0,1,0,1,0,1,12,1,685.646,6
13,49,0,1,1,0,1,0,1,12,1,695.655,7
33,48,1,1,0,0,1,0,0,12,0,622.654,1
34,48,1,1,0,0,1,0,0,12,0,630.992,2
35,47,1,1,0,0,1,0,0,12,0,639.693,3
36,48,1,1,0,0,1,0,0,12,0,652.942,4
37,48,1,1,0,0,1,0,0,12,0,661.204,5
38,48,1,1,0,0,1,0,0,12,0,670.441,6
39,24,1,1,0,0,1,0,0,12,0,672.623,7
3,48,1,1,0,0,0,1,0,12,0,605.209,1
4,11,1,1,0,0,0,1,1,12,0,601.616,2
5,37,1,1,0,0,0,1,1,12,0,627.852,3
6,50,1,1,0,0,0,1,1,12,0,636.819,4
7,40,1,1,0,0,0,1,1,12,0,645.834,5
8,47,1,1,0,0,0,1,1,12,0,656.244,6
9,50,1,1,0,0,0,1,1,12,0,663.068,7
5,16,0,0,1,1,1,0,0,16,0,623.048,1
6,39,0,0,1,1,1,0,1,16,0,635.437,2
7,50,0,0,1,1,1,0,1,16,0,649.979,3
8,50,0,0,1,1,1,0,1,16,0,668.461,4
9,50,0,0,1,1,1,0,1,16,0,698.008,5
10,49,0,0,1,1,1,0,1,16,0,700.307,6
11,48,0,0,1,1,1,0,1,16,0,709.008,7
32,47,1,1,0,0,1,0,1,12,0,664.379,1
33,47,1,1,0,0,1,0,1,12,0,674.406,2
34,47,1,1,0,0,1,0,1,12,0,679.906,3
35,47,1,1,0,0,1,0,1,12,0,689.366,4
36,47,1,1,0,0,1,0,1,12,0,702.731,5
37,47,1,1,0,0,1,0,1,12,0,706.476,6
38,47,1,1,0,0,1,0,1,12,0,720.042,7
25,42,0,0,1,0,0,0,0,17,0,651.175,1
26,45,0,0,1,0,0,0,0,17,0,649.527,2
27,47,0,0,1,0,0,0,0,17,0,663.726,3
28,46,0,0,1,0,0,0,0,17,0,663.857,4
29,44,0,0,1,0,0,0,0,17,0,669.456,5
30,51,0,0,1,0,0,0,0,17,0,669.827,6
31,45,0,0,1,0,0,0,0,17,0,699.393,7
10,49,1,1,1,0,1,0,0,10,0,585.793,1
11,51,1,1,1,0,1,0,0,10,0,585.793,2
12,28,1,0,1,0,1,0,0,10,0,621.461,3
13,50,1,1,1,0,1,0,0,10,0,618.415,4
14,51,1,1,1,0,1,0,0,10,0,623.441,5
15,50,1,1,1,0,1,0,0,10,0,618.415,6
16,52,1,1,1,0,1,0,0,10,0,616.752,7
10,49,1,0,0,1,1,0,0,12,0,655.108,1
11,50,1,0,0,1,1,0,0,12,0,663.332,2
12,49,0,0,0,1,1,0,0,12,0,674.524,3
13,49,0,0,0,1,1,0,0,12,0,695.655,4
14,48,0,0,0,1,1,0,0,12,0,702.554,5
15,48,0,0,0,1,1,0,0,12,0,715.07,6
16,49,0,0,0,1,1,0,0,12,0,731.322,7
16,37,1,0,1,1,1,0,1,10,0,631.716,1
17,50,1,0,1,1,1,0,1,10,0,636.13,2
18,49,1,0,1,1,1,0,1,10,0,642.972,3
19,37,1,0,1,1,1,0,1,10,0,673.102,4
20,47,1,0,1,1,1,0,1,10,0,681.014,5
21,45,1,0,1,1,1,0,1,10,0,695.177,6
22,49,1,0,1,1,1,0,1,10,0,692.56,7
12,49,0,0,0,1,1,0,0,16,0,683.841,1
13,49,0,0,0,1,1,0,0,16,0,685.224,2
14,48,0,0,0,1,1,0,0,16,0,691.175,3
15,49,0,0,0,1,1,0,0,16,0,691.175,4
16,49,0,0,0,1,1,0,0,16,0,731.122,5
17,50,0,0,0,1,1,0,0,16,0,718.917,6
18,49,0,0,0,1,1,0,0,16,0,737.776,7
10,37,0,1,0,1,0,1,0,12,1,610.925,1
11,33,0,1,0,1,0,1,0,12,1,620.456,2
12,43,0,1,0,1,0,1,0,12,1,637.161,3
13,46,0,1,0,1,0,1,0,12,1,639.693,4
14,48,0,1,0,1,0,1,0,12,1,655.108,5
15,49,0,1,0,1,0,1,0,12,1,660.259,6
16,48,1,1,0,1,0,1,0,12,1,662.007,7
3,48,0,0,0,1,0,1,0,16,0,630.992,1
4,35,0,0,0,1,0,1,0,16,0,629.157,2
5,40,0,0,0,1,0,1,0,16,0,630.992,3
6,36,0,0,0,1,0,1,0,16,0,665.286,4
7,28,0,0,0,1,0,1,0,16,0,662.007,5
8,51,0,0,0,1,0,1,0,16,0,657.228,6
9,50,0,0,0,1,0,1,0,16,0,704.752,7
15,49,1,1,1,1,1,0,1,12,0,667.834,1
16,45,1,1,1,1,1,0,1,12,0,675.227,2
17,48,1,1,1,1,1,0,1,12,0,684.162,3
18,49,1,1,1,1,1,0,1,12,0,695.655,4
19,47,1,1,1,1,1,0,1,12,0,700.307,5
20,48,1,1,1,1,1,0,1,12,0,715.462,6
21,47,1,0,1,1,1,0,1,12,0,721.524,7
21,44,0,0,0,1,1,0,1,17,0,690.575,1
22,41,0,0,0,1,1,0,1,17,0,690.575,2
23,43,0,0,0,1,1,0,1,17,0,702.997,3
24,41,0,0,0,1,1,0,1,17,0,709.008,4
25,44,0,0,0,1,1,0,1,17,0,720.786,5
26,43,0,0,0,1,1,0,1,17,0,726.193,6
27,42,0,0,0,1,1,0,1,17,0,727.932,7
14,49,1,0,1,1,1,0,1,12,0,655.962,1
15,49,1,0,1,1,1,0,1,12,0,660.123,2
16,49,1,0,1,1,1,0,1,12,0,673.221,3
17,48,1,0,1,1,1,0,1,12,0,679.122,4
18,48,1,0,1,1,1,0,1,12,0,690.776,5
19,47,1,0,1,1,1,0,1,12,0,700.307,6
20,46,1,0,1,1,1,0,1,12,0,709.008,7
8,51,1,0,0,0,1,0,0,14,0,589.715,1
9,51,1,0,0,0,1,0,0,14,0,607.993,2
10,51,1,0,0,0,1,0,0,14,0,598.141,3
11,50,1,0,0,0,1,0,0,14,0,633.328,4
12,51,0,0,0,0,1,0,0,14,0,627.476,5
13,52,0,0,0,0,1,0,0,14,0,620.456,6
14,51,0,0,0,0,1,0,0,14,0,658.617,7
21,50,1,1,0,1,1,0,1,9,0,644.572,1
22,50,1,1,0,1,1,0,1,9,0,674.524,2
23,52,1,1,0,1,0,0,1,9,0,681.892,3
24,51,1,1,0,0,0,0,1,9,0,685.646,4
25,51,1,1,0,0,0,0,1,9,0,700.307,5
26,49,1,1,0,0,0,0,1,9,0,709.008,6
27,50,1,1,0,0,0,0,1,9,0,720.786,7
21,51,0,0,1,1,1,0,0,16,0,690.575,1
22,49,0,0,1,1,1,0,0,16,0,690.575,2
23,47,0,0,1,1,1,0,0,16,0,791.936,3
24,47,0,0,1,1,1,0,0,16,0,813.153,4
25,47,0,0,1,1,1,0,0,16,0,802.29,5
26,47,0,0,1,1,1,0,0,16,0,792.516,6
27,47,0,0,1,1,1,0,0,16,0,784.502,7
7,50,0,0,1,1,1,0,0,16,0,648.92,1
8,50,0,0,1,1,1,0,0,16,0,655.82,2
9,50,0,0,1,1,1,0,0,16,0,657.786,3
10,50,0,0,1,1,1,0,0,16,0,668.461,4
11,50,0,0,1,1,1,0,0,16,0,639.693,5
12,50,0,0,1,1,1,0,0,16,0,709.008,6
13,50,0,0,1,1,1,0,0,16,0,686.693,7
6,49,0,0,0,0,1,0,0,16,0,635.437,1
7,49,0,0,0,0,1,0,0,16,0,644.572,2
8,51,0,0,0,0,1,0,0,16,0,680.239,3
9,49,0,0,0,0,1,0,0,16,0,680.239,4
10,49,0,0,0,0,1,0,0,16,0,690.776,5
11,50,0,0,0,0,1,0,0,16,0,696.602,6
12,50,0,0,0,0,1,0,0,16,0,709.008,7
24,50,1,1,0,1,1,0,1,12,1,631.173,1
25,40,1,1,0,1,1,0,1,12,1,654.535,2
26,50,1,1,0,1,1,0,1,12,1,656.386,3
27,47,1,1,0,1,1,0,1,12,1,663.2,4
28,48,1,1,0,1,1,0,1,12,1,680.239,5
29,48,0,1,0,1,1,0,1,12,1,684.162,6
30,46,1,1,0,1,1,0,1,12,1,689.77,7
14,49,0,0,0,1,1,0,0,17,0,664.249,1
15,48,0,0,0,1,1,0,0,17,0,675.344,2
16,49,0,0,0,1,1,0,0,17,0,681.783,3
17,48,0,0,0,1,1,0,0,17,0,691.473,4
18,49,0,0,0,1,1,0,0,17,0,695.655,5
19,48,0,0,0,1,1,0,0,17,0,701.571,6
20,48,0,0,0,1,1,0,0,17,0,709.423,7
1,30,0,0,0,1,1,0,0,17,0,621.461,1
2,50,0,0,0,1,1,0,0,17,0,617.379,2
3,50,0,0,0,1,1,0,0,17,0,635.437,3
4,50,0,0,0,1,1,0,0,17,0,655.108,4
5,50,0,0,0,1,1,0,0,17,0,645.362,5
6,50,0,0,0,1,1,0,0,17,0,621.461,6
7,49,0,0,0,1,1,0,0,17,0,782.405,7
4,51,1,1,0,1,1,0,1,12,0,655.251,1
5,52,1,1,0,1,1,0,1,12,0,662.007,2
6,51,1,1,0,1,1,0,1,12,0,668.461,3
7,43,1,1,0,1,1,0,1,12,0,672.383,4
8,50,1,1,0,1,1,0,1,12,0,682.437,5
9,48,1,1,0,1,1,0,1,12,0,695.655,6
10,49,1,1,0,1,1,0,1,12,0,700.307,7
33,47,0,0,1,0,1,0,0,8,0,642.162,1
34,48,1,0,1,0,1,0,0,8,0,648.92,2
35,46,1,0,1,0,1,0,0,8,0,672.022,3
36,47,1,0,1,0,1,0,0,8,0,676.964,4
37,47,1,0,1,0,1,0,0,8,0,680.239,5
38,47,1,0,1,0,1,0,0,8,0,687.73,6
39,47,1,0,1,0,1,0,0,8,0,699.577,7
7,51,0,0,1,1,1,0,0,15,0,690.575,1
8,49,0,1,1,1,1,0,0,15,0,690.575,2
9,49,0,0,0,0,1,0,0,15,0,717.012,3
10,49,0,0,0,0,1,0,0,15,0,728.276,4
11,48,0,0,0,0,1,0,0,15,0,736.201,5
12,50,0,0,0,0,1,0,0,15,0,733.498,6
13,48,0,1,0,0,1,0,0,15,0,747.534,7
15,50,1,0,0,1,1,0,1,12,0,657.368,1
16,48,1,0,0,1,1,0,1,12,0,667.96,2
17,49,1,0,0,1,1,0,1,12,0,685.857,3
18,49,1,0,0,1,1,0,1,12,0,684.268,4
19,49,1,0,0,1,1,0,1,12,0,696.791,5
20,49,1,0,0,1,1,0,1,12,0,713.09,6
21,49,1,0,0,1,1,0,1,12,0,718.992,7
29,52,0,0,0,1,1,0,1,13,0,605.209,1
30,46,0,0,0,1,1,0,1,13,0,605.209,2
31,51,1,0,0,1,1,0,1,13,0,610.925,3
32,49,1,0,0,1,1,0,1,13,0,621.461,4
33,48,1,0,0,1,1,0,1,13,0,626.34,5
34,47,0,0,0,1,1,0,1,13,0,626.34,6
35,50,0,0,0,1,1,0,1,13,0,630.992,7
5,36,1,1,0,1,1,0,1,12,0,653.088,1
6,50,1,1,0,1,1,0,1,12,0,655.962,2
7,49,1,1,0,1,1,0,1,12,0,658.064,3
8,50,1,1,0,1,1,0,1,12,0,672.383,4
9,50,1,1,0,1,1,0,1,12,0,687.626,5
10,50,1,1,0,1,1,0,1,12,0,697.541,6
11,49,1,1,0,1,1,0,1,12,0,700.307,7
18,48,0,1,0,1,1,0,0,17,0,674.524,1
19,48,0,1,0,1,1,0,0,17,0,674.524,2
20,49,0,1,0,1,1,0,0,17,0,681.344,3
21,49,0,1,0,1,1,0,0,17,0,685.118,4
22,48,0,1,0,1,1,0,0,17,0,702.554,5
23,45,0,1,0,1,1,0,0,17,0,709.008,6
24,48,0,1,0,1,1,0,0,17,0,727.932,7
44,50,1,0,0,1,1,0,1,9,0,690.575,1
45,51,0,0,0,1,1,0,1,9,0,621.461,2
46,50,0,0,0,1,1,0,1,9,0,713.09,3
47,50,0,0,0,1,1,0,1,9,0,690.776,4
48,50,0,0,0,1,1,0,1,9,0,731.322,5
49,49,0,0,0,1,1,0,1,9,0,746.737,6
50,49,0,0,0,1,1,0,1,9,0,731.322,7
29,49,0,0,0,1,1,0,1,12,0,644.413,1
30,46,0,0,0,1,1,0,1,12,0,645.362,2
31,49,0,0,0,1,1,0,1,12,0,652.062,3
32,48,0,0,0,1,1,0,1,12,0,672.743,4
33,49,0,0,0,1,1,0,1,12,0,659.167,5
34,49,0,0,0,1,1,0,1,12,0,673.815,6
35,48,0,0,0,1,1,0,1,12,0,677.422,7
5,49,0,0,0,1,1,0,0,12,0,648.311,1
6,47,1,0,0,1,1,0,0,12,0,653.233,2
7,49,0,0,0,1,1,0,0,12,0,675.227,3
8,49,0,0,0,1,1,0,0,12,0,680.017,4
9,48,0,0,0,1,1,0,0,12,0,675.926,5
10,48,1,0,0,1,1,0,0,12,0,696.885,6
11,48,0,0,0,1,1,0,0,12,0,690.975,7
11,47,1,1,0,0,1,0,1,10,0,599.146,1
12,48,1,1,0,0,1,0,1,10,0,638.012,2
13,48,1,1,0,0,1,0,1,10,0,656.526,3
14,49,1,1,0,0,1,0,1,10,0,673.34,4
15,48,1,1,0,0,1,0,0,10,0,674.524,5
16,48,1,1,0,0,1,0,1,10,0,684.588,6
17,46,1,1,0,0,1,0,1,10,0,674.524,7
15,41,1,1,1,0,1,0,1,10,0,650.429,1
16,42,1,1,1,0,1,0,1,10,0,647.389,2
17,47,1,1,1,0,1,0,1,10,0,656.386,3
18,47,1,1,1,0,1,0,1,10,0,675.11,4
19,48,1,1,1,0,1,0,1,10,0,688.755,5
20,38,1,1,1,0,1,0,1,10,0,699.485,6
21,40,1,1,1,0,1,0,1,10,0,708.423,7
13,49,1,0,1,1,1,0,0,12,0,686.485,1
14,49,1,0,1,1,1,0,0,12,0,690.575,2
15,49,1,0,1,1,1,0,0,12,0,702.554,3
16,49,1,0,1,1,1,0,0,12,0,715.07,4
17,49,1,0,1,1,1,0,0,12,0,724.423,5
18,47,0,0,1,0,1,0,0,12,0,695.94,6
19,46,1,0,1,0,1,0,0,12,0,744.132,7
28,50,0,0,0,1,1,0,0,16,0,690.575,1
29,50,0,0,0,1,1,0,0,16,0,690.575,2
30,49,0,0,0,1,1,0,0,16,0,746.737,3
31,49,0,0,0,1,1,0,0,16,0,769.621,4
32,49,0,0,0,1,1,0,0,16,0,760.09,5
33,49,0,0,0,1,1,0,0,16,0,791.936,6
34,48,0,0,0,1,1,0,0,16,0,791.936,7
4,50,0,0,1,1,1,0,0,13,0,628.786,1
5,49,0,0,1,1,1,0,0,13,0,620.456,2
6,51,0,0,1,1,1,0,0,13,0,624.417,3
7,50,0,0,1,1,1,0,0,13,0,632.794,4
8,50,0,0,1,1,1,0,0,13,0,653.669,5
9,49,0,0,1,1,1,0,0,13,0,655.108,6
10,49,0,0,1,1,1,0,0,13,0,662.007,7
36,49,1,1,0,0,1,0,0,12,0,680.239,1
37,46,1,1,0,0,1,0,0,12,0,682.979,2
38,50,1,1,0,0,1,0,0,12,0,698.472,3
39,49,1,1,0,0,1,0,0,12,0,700.307,4
40,48,1,1,0,0,1,0,0,12,0,670.808,5
41,47,1,1,0,0,1,0,0,12,0,696.13,6
42,47,1,1,0,0,1,0,0,12,0,696.035,7
27,48,0,1,0,0,1,0,0,12,0,661.607,1
28,48,0,1,0,0,1,0,0,12,0,657.647,2
29,47,0,1,0,0,1,0,0,12,0,668.461,3
30,47,0,1,0,0,1,0,0,12,0,674.288,4
31,48,0,1,0,0,1,0,0,12,0,703.615,5
32,47,0,1,0,0,1,0,0,12,0,702.465,6
33,48,0,1,0,0,1,0,0,12,0,722.621,7
10,30,1,1,0,0,1,0,1,12,0,606.611,1
11,50,1,1,0,0,1,0,1,12,0,618.826,2
12,50,1,1,0,0,1,0,1,12,0,631.173,3
13,50,1,1,0,0,1,0,1,12,0,655.678,4
14,50,1,1,0,0,1,0,1,12,0,655.393,5
15,50,1,1,0,0,1,0,1,12,0,675.227,6
16,50,1,1,0,0,1,0,1,12,0,692.166,7
16,49,1,1,0,0,1,0,1,12,0,619.644,1
17,48,1,1,0,0,1,0,1,12,0,626.53,2
18,41,1,1,0,0,1,0,1,12,0,636.475,3
19,49,1,1,0,0,1,0,1,12,0,643.935,4
20,47,1,1,0,0,1,0,1,12,0,654.391,5
21,48,1,1,0,0,1,0,1,12,0,661.473,6
22,47,1,1,0,0,1,0,1,12,0,671.659,7
22,48,0,0,0,1,0,1,1,12,0,633.328,1
23,48,0,0,0,1,0,1,1,12,0,661.473,2
24,48,0,0,0,1,0,1,1,12,0,673.459,3
25,46,0,0,0,1,0,1,1,12,0,677.422,4
26,47,0,0,0,1,0,1,1,12,0,686.485,5
27,47,0,0,0,1,0,1,1,12,0,697.073,6
28,47,0,0,0,1,0,1,1,12,0,704.752,7
30,50,1,1,0,0,1,0,1,8,0,644.572,1
31,47,1,1,0,0,1,0,0,8,0,633.328,2
32,48,1,1,0,1,1,0,0,8,0,639.693,3
33,48,1,1,0,1,1,0,1,8,0,648.158,4
34,39,1,1,0,1,1,0,1,8,0,659.167,5
35,50,1,1,0,1,1,0,1,8,0,659.304,6
36,50,1,1,0,1,0,0,1,8,0,677.878,7
12,49,1,0,1,0,1,0,0,12,0,642.972,1
13,48,1,0,1,0,1,0,0,12,0,643.133,2
14,34,1,0,1,0,1,0,1,12,0,659.441,3
15,47,1,0,1,0,1,0,1,12,0,671.174,4
16,48,1,0,1,0,1,0,1,12,0,674.524,5
17,47,1,0,1,0,1,0,1,12,0,687.73,6
18,48,1,0,1,0,1,0,1,12,0,680.239,7
11,50,1,1,1,1,1,0,0,12,1,649.224,1
12,50,1,1,1,1,1,0,0,12,1,621.461,2
13,50,1,1,1,1,1,0,0,12,1,672.743,3
14,49,1,1,1,1,1,0,0,12,1,666.568,4
15,48,0,1,1,1,0,0,0,12,1,630.992,5
16,50,0,1,1,1,0,0,0,12,1,621.461,6
17,50,0,1,1,1,0,0,0,12,1,621.461,7
35,49,0,0,0,1,0,1,0,16,0,630.992,1
36,50,0,0,0,1,0,1,0,16,0,630.992,2
37,49,0,0,0,1,0,1,0,16,0,630.992,3
38,50,0,0,0,1,0,1,0,16,0,630.992,4
39,50,0,0,0,1,0,1,0,16,0,655.108,5
40,50,0,0,0,1,0,1,0,16,0,662.007,6
41,50,0,0,0,1,0,1,0,16,0,674.524,7
33,51,1,0,0,0,1,0,0,12,0,614.633,1
34,51,1,0,0,0,1,0,0,12,0,625.383,2
35,51,1,0,0,0,1,0,0,12,0,630.992,3
36,47,1,0,0,0,1,0,0,12,0,635.089,4
37,49,1,0,0,0,1,0,0,12,0,646.147,5
38,47,0,0,0,0,1,0,0,12,0,650.279,6
39,47,1,0,0,0,1,0,0,12,0,659.715,7
9,49,0,1,0,1,1,0,0,14,0,653.669,1
10,49,0,1,0,1,1,0,0,14,0,655.108,2
11,49,0,1,0,1,1,0,0,14,0,665.929,3
12,48,0,1,0,1,1,0,0,14,0,682.979,4
13,46,0,1,0,1,1,0,0,14,0,685.646,5
14,46,0,1,0,1,1,0,0,14,0,695.655,6
15,48,0,1,0,1,1,0,0,14,0,713.09,7
11,36,0,0,0,1,1,0,1,17,0,622.456,1
12,36,0,0,0,1,1,0,1,17,0,630.992,2
13,37,0,0,0,1,1,0,1,17,0,647.697,3
14,38,0,0,0,1,1,0,1,17,0,667.834,4
15,35,0,0,0,1,1,0,1,17,0,677.992,5
16,35,0,0,0,1,1,0,1,17,0,680.461,6
17,36,0,0,0,1,1,0,1,17,0,685.646,7
2,50,1,1,1,1,1,0,0,13,0,575.257,1
3,50,1,1,1,1,1,0,0,13,0,585.793,2
4,49,1,1,1,1,1,0,0,13,0,607.535,3
5,49,1,1,1,1,1,0,0,13,0,851.719,4
6,51,1,1,1,1,1,0,0,13,0,651.471,5
7,49,1,1,1,1,1,0,0,13,0,658.617,6
8,48,1,1,1,1,1,0,0,13,0,670.319,7
11,50,1,0,1,1,1,0,1,9,0,616.331,1
12,51,1,0,1,1,1,0,1,9,0,626.34,2
13,51,1,0,1,1,1,0,1,9,0,635.437,3
14,51,1,0,1,1,1,0,1,9,0,643.775,4
15,51,1,0,1,1,1,0,1,9,0,647.697,5
16,51,1,0,1,1,1,0,1,9,0,655.108,6
17,51,1,0,1,1,1,0,0,9,0,640.853,7
18,50,0,0,0,1,1,0,0,16,0,690.575,1
19,49,0,0,0,1,1,0,0,16,0,690.575,2
20,49,0,0,0,1,1,0,0,16,0,725.134,3
21,49,0,0,0,1,1,0,0,16,0,725.134,4
22,50,0,0,0,1,1,0,0,16,0,690.776,5
23,47,0,0,0,1,1,0,0,16,0,723.634,6
24,48,0,0,0,1,1,0,0,16,0,727.24,7
18,50,1,0,0,0,1,0,0,12,0,649.527,1
19,50,1,0,0,0,1,0,0,12,0,660.394,2
20,50,0,0,0,0,1,0,0,12,0,670.073,3
21,49,1,0,0,0,1,0,0,12,0,658.617,4
22,49,1,0,0,0,1,0,0,12,0,641.836,5
23,49,1,0,0,0,1,0,0,12,0,621.461,6
24,49,1,0,0,0,1,0,0,12,0,662.007,7
3,47,1,1,0,0,1,0,1,8,0,645.047,1
4,52,1,1,0,0,1,0,1,8,0,667.203,2
5,50,1,1,0,0,1,0,1,8,0,656.386,3
6,47,1,1,0,0,1,0,1,8,0,660.665,4
7,49,1,1,0,0,1,0,1,8,0,683.518,5
8,47,1,1,0,0,1,0,1,8,0,686.171,6
9,51,1,1,0,0,1,0,1,8,0,706.987,7
27,46,1,1,0,1,1,0,1,11,0,648.158,1
28,48,1,1,0,1,1,0,1,11,0,655.393,2
29,46,1,1,0,1,1,0,1,11,0,661.874,3
30,46,1,1,0,1,1,0,1,11,0,675.693,4
31,46,1,1,0,1,1,0,1,11,0,687.626,5
32,40,1,1,0,1,1,0,1,11,0,699.026,6
33,42,1,1,0,1,1,0,1,11,0,707.496,7
18,48,1,1,0,0,1,0,1,9,0,600.389,1
19,44,1,1,0,0,1,0,1,9,0,610.925,2
20,41,1,1,0,0,1,0,0,9,0,623.441,3
21,33,1,1,0,0,1,0,0,9,0,603.548,4
22,51,1,1,0,0,1,0,0,9,0,611.589,5
23,38,1,1,0,0,1,0,0,9,0,619.441,6
24,51,1,1,0,0,1,0,0,9,0,627.099,7
13,50,1,1,0,0,1,0,1,12,0,633.15,1
14,49,1,1,0,0,1,0,1,12,0,639.359,2
15,36,1,1,0,0,1,0,1,12,0,648.464,3
16,49,1,1,0,0,1,0,1,12,0,656.948,4
17,49,1,1,0,0,1,0,1,12,0,670.319,5
18,49,1,1,0,0,1,0,1,12,0,679.01,6
19,48,1,1,0,0,1,0,1,12,0,687.626,7
5,50,1,0,1,0,1,0,0,12,0,641.182,1
6,50,1,0,1,0,1,0,0,12,0,656.526,2
7,33,1,0,1,0,1,0,1,12,0,659.987,3
8,49,1,0,1,0,1,0,1,12,0,669.084,4
9,49,1,0,1,0,1,0,1,12,0,684.055,5
10,42,1,0,1,0,1,0,1,12,0,693.731,6
11,49,1,0,1,0,1,0,1,12,0,703.615,7
14,36,1,1,0,1,1,0,1,14,0,657.508,1
15,49,0,1,0,1,1,0,1,14,0,665.157,2
16,47,0,1,0,1,1,0,1,14,0,675.577,3
17,49,0,1,0,1,1,0,1,14,0,684.055,4
18,48,0,1,0,1,1,0,1,14,0,690.675,5
19,49,1,1,0,1,1,0,1,14,0,668.336,6
20,49,0,1,0,1,1,0,1,14,0,706.133,7
8,50,0,0,0,0,1,0,0,16,0,622.258,1
9,50,0,0,0,0,1,0,0,16,0,634.564,2
10,50,0,0,0,0,1,0,0,16,0,642.972,3
11,49,0,0,0,0,1,0,0,16,0,649.224,4
12,48,0,0,0,0,1,0,0,16,0,663.595,5
13,48,0,0,0,0,1,0,0,16,0,665.929,6
14,46,0,0,0,0,1,0,0,16,0,713.09,7
10,49,1,1,0,0,1,0,0,12,0,630.262,1
11,50,1,0,0,0,1,0,1,12,0,635.611,2
12,44,1,0,0,0,1,0,1,12,0,641.51,3
13,50,1,0,0,0,1,0,1,12,0,649.224,4
14,50,1,0,0,0,1,0,1,12,0,662.407,5
15,49,1,0,0,0,1,0,1,12,0,679.571,6
16,50,1,0,0,0,1,0,1,12,0,697.541,7
10,36,0,0,0,1,1,0,0,17,0,570.711,1
11,47,0,0,0,0,1,0,0,17,0,639.693,2
12,36,0,0,0,0,1,0,0,17,0,639.693,3
13,47,0,0,0,0,1,0,0,17,0,663.463,4
14,48,0,0,0,0,1,0,0,17,0,662.007,5
15,38,0,0,0,0,1,0,0,17,0,668.461,6
16,48,0,0,0,0,1,0,0,17,0,682.979,7
30,51,0,1,0,0,1,0,0,17,0,690.575,1
31,52,0,1,0,1,1,0,0,17,0,690.575,2
32,49,0,1,0,0,1,0,0,17,0,767.322,3
33,50,0,1,0,0,1,0,0,17,0,775.148,4
34,49,0,1,0,0,1,0,0,17,0,781.883,5
35,50,0,1,0,0,1,0,0,17,0,760.09,6
36,50,0,1,0,0,1,0,0,17,0,790.397,7
12,43,1,0,0,0,1,0,0,12,0,599.146,1
13,51,1,0,0,0,1,0,0,12,0,590.263,2
14,35,1,0,0,0,0,0,0,12,0,655.108,3
15,36,1,0,0,0,0,0,0,12,0,649.979,4
16,50,1,0,0,0,1,0,0,12,0,621.461,5
17,48,1,1,0,0,1,0,0,12,0,668.461,6
18,26,1,0,0,0,1,0,0,12,0,621.461,7
10,38,0,1,0,1,1,0,0,15,0,635.437,1
11,49,0,1,0,1,1,0,0,15,0,647.697,2
12,52,0,1,0,1,1,0,0,15,0,674.524,3
13,48,1,1,0,1,1,0,1,15,0,655.108,4
14,27,0,1,0,1,1,0,0,15,0,680.239,5
15,50,0,1,0,1,1,0,0,15,0,657.925,6
16,49,0,1,0,1,1,0,0,15,0,690.776,7
24,47,1,1,1,1,1,0,1,12,0,650.129,1
25,47,1,1,1,1,1,0,1,12,0,657.368,2
26,44,1,1,1,1,1,0,1,12,0,665.544,3
27,47,1,1,1,1,1,0,1,12,0,675.344,4
28,47,1,1,1,1,1,0,1,12,0,684.801,5
29,47,1,1,1,1,1,0,1,12,0,694.312,6
30,40,1,1,1,1,1,0,1,12,0,703.527,7
20,50,1,1,1,1,1,0,0,6,1,609.131,1
21,48,1,1,1,1,1,0,0,6,1,623.637,2
22,50,1,1,1,1,1,0,0,6,1,627.099,3
23,50,1,1,1,1,1,0,0,6,1,647.697,4
24,46,1,1,1,1,1,0,0,6,1,659.578,5
25,51,1,1,1,1,1,0,0,6,1,644.572,6
26,46,1,1,1,1,1,0,0,6,1,677.992,7
6,49,1,1,1,1,1,0,1,12,0,604.025,1
7,50,1,1,1,1,1,0,1,12,0,620.658,2
8,50,1,1,1,1,1,0,1,12,0,627.288,3
9,50,0,1,1,1,1,0,1,12,0,639.693,4
10,50,0,1,1,1,1,0,1,12,0,647.08,5
11,48,1,1,1,1,1,0,1,12,0,654.535,6
12,49,1,1,1,1,1,0,1,12,0,668.211,7
13,48,0,1,0,0,1,0,0,12,0,668.711,1
14,50,0,1,0,0,1,0,0,12,0,674.524,2
15,48,0,1,0,0,1,0,0,12,0,685.646,3
16,47,0,1,0,0,1,0,0,12,0,695.655,4
17,48,0,1,0,0,1,0,0,12,0,704.752,5
18,48,0,1,0,0,1,0,0,12,0,709.34,6
19,47,0,1,0,0,1,0,0,12,0,713.09,7
12,49,0,0,1,1,0,1,0,16,0,655.108,1
13,49,0,0,1,1,0,1,0,16,0,655.108,2
14,50,0,0,1,1,0,1,0,16,0,680.239,3
15,49,0,0,1,1,0,1,0,16,0,685.646,4
16,50,0,0,1,1,0,1,0,16,0,686.693,5
17,46,0,0,1,1,0,1,0,16,0,700.307,6
18,47,0,0,1,1,0,1,0,16,0,713.09,7
3,33,1,0,0,1,1,0,1,14,0,618.826,1
4,50,1,0,0,1,1,0,1,14,0,660.665,2
5,37,1,0,0,1,1,0,1,14,0,668.461,3
6,42,1,0,0,1,1,0,1,14,0,676.849,4
7,32,1,0,0,1,1,0,1,14,0,686.066,5
8,47,1,0,0,0,1,0,1,14,0,696.602,6
9,48,1,0,0,0,1,0,1,14,0,700.307,7
35,50,0,0,1,1,1,0,0,15,0,626.34,1
36,50,0,0,1,1,1,0,0,15,0,629.157,2
37,50,0,0,1,1,1,0,0,15,0,639.693,3
38,50,0,0,1,1,1,0,0,15,0,639.693,4
39,50,0,0,1,1,1,0,0,15,0,657.786,5
40,50,0,0,1,1,1,0,0,15,0,662.007,6
41,50,0,0,1,1,1,0,0,15,0,668.461,7
22,48,0,0,0,1,1,0,0,12,0,655.108,1
23,47,0,0,0,1,1,0,0,12,0,668.461,2
24,47,0,0,0,1,1,0,0,12,0,655.108,3
25,47,0,0,0,1,1,0,0,12,0,682.871,4
26,47,0,0,0,1,1,0,0,12,0,680.239,5
27,47,0,0,0,1,1,0,0,12,0,713.648,6
28,47,0,0,1,0,1,0,0,12,0,718.311,7
10,39,1,0,1,1,0,1,0,12,1,593.225,1
11,39,1,0,1,1,0,1,0,12,1,619.644,2
12,41,1,0,1,1,0,1,0,12,1,623.637,3
13,37,0,0,1,1,0,1,0,12,1,630.992,4
14,37,0,0,1,1,0,1,1,12,1,644.254,5
15,36,1,0,1,1,0,1,0,12,1,610.925,6
16,36,1,0,1,1,0,1,0,12,1,621.461,7
31,48,0,1,0,1,1,0,0,10,0,662.007,1
32,48,1,1,0,1,1,0,0,10,0,668.461,2
33,48,1,1,0,1,1,0,1,10,0,673.34,3
34,49,1,1,0,1,1,0,1,10,0,681.892,4
35,48,1,1,0,1,1,0,0,10,0,687.213,5
36,50,1,1,0,1,1,0,0,10,0,696.602,6
37,49,1,1,0,1,1,0,0,10,0,704.316,7
38,49,1,1,0,1,1,0,0,15,0,642.162,1
39,48,1,1,0,1,1,0,0,15,0,647.697,2
40,48,0,1,0,1,1,0,0,15,0,655.108,3
41,48,0,1,0,1,1,0,0,15,0,668.461,4
42,48,0,1,0,1,1,0,0,15,0,668.461,5
43,48,1,1,0,1,1,0,0,15,0,680.239,6
44,48,0,1,0,1,1,0,0,15,0,690.776,7
35,45,0,0,0,1,1,0,0,17,0,675.926,1
36,36,0,0,0,1,1,0,0,17,0,681.344,2
37,36,0,0,0,1,1,0,0,17,0,686.693,3
38,35,0,0,0,1,1,0,0,17,0,685.118,4
39,35,0,0,0,1,1,0,0,17,0,694.89,5
40,35,0,0,0,1,1,0,0,17,0,706.476,6
41,36,0,0,0,1,1,0,0,17,0,711.477,7
38,46,1,1,0,1,1,0,0,11,0,688.959,1
39,49,1,1,0,1,1,0,1,11,0,690.575,2
40,43,1,1,0,1,1,0,0,11,0,690.776,3
41,48,1,1,0,1,1,0,1,11,0,700.307,4
42,47,1,1,0,1,1,0,1,11,0,713.09,5
43,48,1,1,0,1,1,0,1,11,0,710.824,6
44,47,1,1,0,1,1,0,0,11,0,709.008,7
36,30,1,0,1,1,0,1,0,12,1,561.313,1
37,48,1,0,1,1,0,1,0,12,1,582.008,2
38,49,1,0,1,1,0,1,0,12,1,576.205,3
39,46,1,0,1,1,0,1,0,12,1,589.99,4
40,47,1,0,1,1,0,1,0,12,1,595.842,5
41,46,1,0,1,1,0,1,0,12,1,617.379,6
42,48,1,0,1,1,0,1,0,12,1,610.256,7
6,49,1,0,0,1,1,0,1,12,0,644.572,1
7,47,1,0,0,1,1,0,1,12,0,662.007,2
8,50,1,0,0,1,1,0,1,12,0,659.987,3
9,46,1,0,0,1,1,0,1,12,0,663.332,4
10,48,1,0,0,1,1,0,1,12,0,683.518,5
11,48,1,0,0,1,1,0,1,12,0,699.942,6
12,48,1,0,0,1,1,0,1,12,0,690.776,7
35,50,1,1,1,0,1,0,0,5,0,633.328,1
36,51,1,1,1,0,1,0,0,5,0,585.793,2
37,51,1,1,1,0,1,0,0,5,0,639.526,3
38,50,1,1,1,0,1,0,0,5,0,610.925,4
39,43,1,1,1,0,1,0,0,5,0,610.925,5
40,51,1,1,1,0,1,0,0,5,0,610.925,6
41,49,1,1,1,0,1,0,0,5,0,639.693,7
24,42,0,0,1,1,1,1,0,16,0,639.526,1
25,50,0,0,1,1,1,1,0,16,0,643.615,2
26,47,0,0,1,1,1,1,0,16,0,649.224,3
27,45,0,0,1,1,1,1,0,16,0,673.102,4
28,49,0,0,1,1,1,1,0,16,0,674.524,5
29,46,0,0,1,1,1,1,0,16,0,704.229,6
30,48,0,0,1,1,1,1,0,16,0,709.008,7
28,50,0,1,1,0,1,0,0,14,0,630.992,1
29,49,1,0,1,0,1,0,0,14,0,653.669,2
30,50,1,0,1,0,1,0,0,14,0,646.147,3
31,48,1,0,1,0,1,0,0,14,0,657.925,4
32,52,0,0,1,0,1,0,0,14,0,689.77,5
33,50,0,0,1,0,1,0,0,14,0,642.487,6
34,47,1,0,1,0,1,0,0,14,0,691.473,7
4,49,1,0,1,1,1,0,0,12,0,665.286,1
5,52,0,0,1,1,1,0,0,12,0,677.422,2
6,52,0,0,1,1,1,0,0,12,0,690.776,3
7,50,0,0,1,1,1,0,0,12,0,696.885,4
8,51,0,0,1,1,1,0,0,12,0,696.224,5
9,50,0,0,1,1,1,0,0,12,0,710.824,6
10,50,0,0,1,1,1,0,0,12,0,739.326,7
9,49,1,0,0,1,0,1,1,12,0,598.645,1
10,49,1,0,0,1,0,1,1,12,0,595.584,2
11,49,1,0,0,1,0,1,1,12,0,618.415,3
12,48,1,0,0,1,0,1,1,12,0,619.236,4
13,47,1,0,0,1,0,1,1,12,0,662.539,5
14,47,1,0,0,1,0,1,1,12,0,662.007,6
15,47,1,0,0,1,0,1,1,12,0,680.239,7
9,51,0,0,0,0,0,1,0,12,0,588.332,1
10,50,0,0,0,0,0,1,0,12,0,588.61,2
11,49,0,0,0,0,0,1,0,12,0,593.489,3
12,48,0,0,0,0,0,1,0,12,0,607.993,4
13,49,0,0,0,0,0,1,0,12,0,607.993,5
14,47,0,0,0,0,0,1,0,12,0,608.222,6
15,48,0,0,0,0,0,1,0,12,0,626.34,7
28,23,0,0,0,1,1,0,1,12,0,657.647,1
29,42,0,0,0,1,1,0,1,12,0,666.441,2
30,47,0,0,0,1,1,0,1,12,0,673.697,3
31,47,0,0,0,1,1,0,1,12,0,680.793,4
32,47,0,0,0,1,1,0,1,12,0,680.793,5
33,47,0,0,0,1,1,0,1,12,0,691.771,6
34,47,0,0,0,1,1,0,1,12,0,704.141,7
7,48,0,0,0,1,1,0,0,17,0,690.575,1
8,48,0,0,0,1,1,0,0,17,0,690.575,2
9,49,0,0,0,1,1,0,0,17,0,724.566,3
10,48,0,1,0,1,1,0,0,17,0,737.776,4
11,49,0,1,0,1,1,0,0,17,0,747.307,5
12,48,0,1,0,1,1,0,0,17,0,757.558,6
13,49,0,1,0,1,1,0,0,17,0,767.322,7
31,48,0,1,0,1,1,0,0,9,0,645.52,1
32,48,0,1,0,1,1,0,0,9,0,655.82,2
33,47,0,1,0,1,1,0,0,9,0,666.313,3
34,48,0,1,0,1,1,0,1,9,0,684.588,4
35,48,0,1,0,1,1,0,0,9,0,692.56,5
36,48,0,1,0,1,1,0,0,9,0,713.648,6
37,47,0,1,0,1,1,0,0,9,0,727.031,7
27,45,0,1,0,1,1,0,0,12,0,690.575,1
28,47,0,1,0,1,1,0,0,12,0,690.575,2
29,46,0,1,0,1,1,0,1,12,0,718.539,3
30,46,0,1,0,1,1,0,0,12,0,724.423,4
31,46,0,1,0,1,1,0,0,12,0,731.122,5
32,45,0,1,0,1,1,0,0,12,0,737.588,6
33,43,0,1,0,1,1,0,0,12,0,719.519,7
19,49,0,0,0,1,1,0,0,17,0,690.575,1
20,46,0,1,0,1,1,0,0,17,0,690.575,2
21,50,0,0,0,1,0,0,0,17,0,760.09,3
22,47,0,0,0,1,0,0,0,17,0,771.869,4
23,50,0,1,0,1,1,0,0,17,0,774.066,5
24,49,0,1,0,1,1,0,0,17,0,760.09,6
25,48,0,1,0,1,1,0,0,17,0,768.11,7
17,49,0,1,0,1,1,0,1,11,1,616.331,1
18,50,0,1,0,1,1,0,1,11,1,630.992,2
19,50,0,1,0,1,1,0,1,11,1,630.445,3
20,50,0,1,0,1,1,0,1,11,1,662.007,4
21,49,0,1,0,1,1,0,1,11,1,647.697,5
22,49,0,1,0,1,1,0,1,11,1,655.108,6
23,49,0,1,0,1,1,0,1,11,1,647.697,7
22,38,0,0,0,1,1,0,1,17,0,690.575,1
23,44,0,0,0,1,1,0,1,17,0,690.575,2
24,42,0,0,0,1,1,0,1,17,0,657.925,3
25,37,0,0,0,1,1,0,1,17,0,704.752,4
26,39,0,0,0,1,1,0,1,17,0,709.008,5
27,36,0,0,0,1,1,0,1,17,0,732.251,6
28,40,0,0,0,1,1,0,1,17,0,731.322,7
18,38,0,0,0,0,1,0,0,17,0,677.422,1
19,39,0,0,0,0,1,0,0,17,0,688.755,2
20,36,0,0,0,0,1,0,0,17,0,690.776,3
21,37,0,0,0,0,1,0,0,17,0,696.508,4
22,39,0,0,0,0,1,0,0,17,0,695.655,5
23,39,0,0,0,0,1,0,0,17,0,719.669,6
24,36,0,0,0,0,1,0,0,17,0,713.09,7
27,48,0,1,1,1,1,0,0,16,0,690.575,1
28,47,0,1,1,1,1,0,0,16,0,690.575,2
29,49,0,1,1,1,1,0,0,16,0,784.385,3
30,48,0,1,1,1,1,0,0,16,0,793.737,4
31,48,0,1,1,1,1,0,0,16,0,810.168,5
32,35,0,1,1,1,1,0,0,16,0,791.936,6
33,25,0,1,1,1,0,0,0,16,0,802.027,7
3,51,1,0,1,1,1,0,0,12,0,613.988,1
4,49,0,0,1,1,1,0,0,12,0,656.667,2
5,50,0,0,1,1,1,0,0,12,0,665.157,3
6,50,0,0,1,1,1,0,0,12,0,683.303,4
7,49,0,0,1,1,1,0,0,12,0,697.167,5
8,48,0,0,1,1,1,0,0,12,0,707.834,6
9,49,0,0,1,1,1,0,0,12,0,719.669,7
37,40,1,0,1,1,1,0,1,11,0,655.108,1
38,38,1,0,1,1,1,0,1,11,0,668.711,2
39,46,1,0,1,1,1,0,0,11,0,675.227,3
40,46,1,0,1,1,1,0,1,11,0,681.344,4
41,46,1,0,1,1,1,0,1,11,0,696.035,5
42,44,0,0,1,1,1,0,1,11,0,702.019,6
43,43,1,0,1,1,1,0,1,11,0,708.171,7
23,49,1,1,0,0,1,0,0,8,0,592.693,1
24,49,1,1,0,0,1,0,0,8,0,599.146,2
25,48,1,1,0,0,1,0,1,8,0,657.368,3
26,51,1,1,0,0,1,0,1,8,0,666.568,4
27,47,1,1,0,0,1,0,1,8,0,669.703,5
28,44,1,1,0,0,1,0,1,8,0,682.002,6
29,50,1,1,0,0,1,0,1,8,0,694.505,7
5,50,0,0,1,1,1,0,0,14,0,643.775,1
6,49,0,0,1,1,1,0,0,14,0,657.368,2
7,49,0,0,1,1,1,0,0,14,0,665.286,3
8,48,0,0,1,1,1,0,0,14,0,682.655,4
9,49,0,0,1,1,1,0,0,14,0,690.776,5
10,48,0,0,1,1,1,0,0,14,0,703.615,6
11,48,0,0,1,1,1,0,0,14,0,704.229,7
30,47,0,1,0,1,1,0,0,17,0,690.575,1
31,48,0,1,0,1,1,0,0,17,0,690.575,2
32,45,0,1,0,1,1,0,0,17,0,816.052,3
33,47,0,1,0,1,1,0,0,17,0,800.637,4
34,47,0,1,0,1,1,0,0,17,0,805.516,5
35,47,0,1,0,1,1,0,0,17,0,794.591,6
36,47,0,1,0,1,1,0,0,17,0,798.31,7
21,49,1,1,0,1,1,0,1,12,,650.429,1
22,47,1,1,0,1,1,0,1,12,1,655.108,2
23,48,1,1,0,1,1,0,1,12,1,664.509,3
24,49,1,1,0,1,1,0,1,12,1,664.639,4
25,49,1,1,0,1,1,0,1,12,1,690.776,5
26,46,1,1,0,1,1,0,1,12,1,701.392,6
27,,1,1,0,1,1,0,1,12,1,709.008,7
7,47,0,0,1,1,1,0,0,12,0,576.832,1
8,50,0,0,1,1,1,0,0,12,0,589.99,2
9,50,1,0,1,1,1,0,1,12,0,660.8,3
10,51,1,0,1,1,,0,1,12,0,684.588,4
11,49,1,0,1,1,1,0,0,12,0,608.677,5
12,51,1,0,0,0,1,0,0,12,0,630.992,6
13,51,1,0,0,0,1,0,0,12,0,630.992,7
4,50,1,1,0,1,1,0,0,12,0,639.024,1
5,50,1,1,0,1,1,0,0,12,0,649.072,2
6,50,1,1,0,1,1,0,0,12,0,661.874,3
7,50,1,1,0,1,1,0,0,12,0,680.572,4
8,50,1,1,0,1,1,0,0,12,0,690.375,5
9,51,1,1,0,1,1,0,0,12,0,698.101,6
10,50,1,1,0,1,1,0,0,12,0,706.219,7
16,44,1,1,0,1,1,0,1,12,0,634.564,1
17,49,1,1,0,1,1,0,1,12,0,651.471,2
18,46,1,1,0,1,1,0,1,12,0,657.925,3
19,,1,1,0,1,1,0,1,12,0,663.332,
20,48,1,1,0,1,1,0,1,12,0,680.239,5
21,48,1,1,0,1,1,0,1,12,0,688.755,6
22,48,1,1,0,1,1,0,1,12,0,700.76,7
